algorithm_a,algorithm_b,n_cc18,n_outside,n_target,delta_benchmark,delta_outside,delta_target,target_minus_benchmark,shift_ci_lo,shift_ci_hi,shift_bootstrap_p,benchmark_to_target_sign_reversal,bootstrap_target_reversal_probability,min_abs_benchmark_target,strong_target_reversal_005,strong_target_reversal_010,target_to_benchmark_abs_ratio,benchmark_margin_ge_005_target_below_005,benchmark_margin_reduced_ge_75pct,shift_q_bh
CatBoost,DANet,60,83,143,0.00882507132277381,0.03406327051743035,0.023473816309882153,0.014648744987108343,0.004217174228226953,0.025333344679698503,0.007599240075992401,False,0.0222,0.00882507132277381,False,False,2.659901030975928,False,False,0.050551466592471186
CatBoost,DecisionTree,68,95,163,0.047573346180083215,0.04544364581496111,0.04633210977096297,-0.0012412364091202444,-0.012309756118179641,0.010914220208597418,0.8321167883211679,False,0.0,0.04633210977096297,False,False,0.9739089950826311,False,False,0.9093847758081335
CatBoost,FTTransformer,58,78,136,0.01187590350507717,0.04622144923452868,0.031574084144027306,0.01969818063895014,0.0027582333886317974,0.037062791098792715,0.0240975902409759,False,0.0206,0.01187590350507717,False,False,2.658667959918064,False,False,0.10241475852414758
CatBoost,KNN,66,94,160,0.04752178755616463,0.08060345465151826,0.06695726697468488,0.019435479418520245,0.0036462129225221947,0.0354546981623282,0.018098190180981903,False,0.0,0.04752178755616463,False,False,1.4089803944253994,False,False,0.08653197180281973
CatBoost,LightGBM,67,92,159,-0.001888616359586379,0.006143834441286848,0.002759091022050959,0.004647707381637338,-0.002667431352672813,0.011503678053428426,0.19018098190180982,True,0.5992,0.001888616359586379,False,False,1.4609060268096061,False,False,0.33834523524391746
CatBoost,LinearModel,64,95,159,0.06785245838330925,0.09627899128150112,0.08483686483191444,0.016984406448605188,-0.0059351978429162296,0.03981818323457542,0.1504849515048495,False,0.0,0.06785245838330925,False,False,1.2503137963352424,False,False,0.2964303569643036
CatBoost,MLP,68,94,162,0.047303882631687715,0.07534681028889749,0.06357570485253783,0.016271822220850114,-0.0024943315374908533,0.03547922619761631,0.09479052094790522,False,0.0,0.047303882631687715,False,False,1.3439849186914314,False,False,0.2417158284171583
CatBoost,MLP-rtdl,68,95,163,0.03540539255769127,0.06955541200888705,0.0553087781274066,0.019903385569715333,-0.0025789419003274822,0.041416969725630665,0.0755924407559244,False,0.0,0.03540539255769127,False,False,1.562156895656044,False,False,0.2141785821417858
CatBoost,NODE,58,78,136,0.006718926154471789,0.03516280344536408,0.023032326365424714,0.016313400210952924,0.0064731959075240925,0.02666706147740951,0.0015998400159984002,False,0.0716,0.006718926154471789,False,False,3.427977304095763,False,False,0.020397960203979604
CatBoost,RandomForest,68,94,162,0.01232737956570287,0.02219434162096189,0.018052653844680324,0.005725274278977455,-0.0013749875874302946,0.013480054667340563,0.12738726127387262,False,0.0,0.01232737956570287,False,False,1.4644356287127123,False,False,0.2831264818723607
CatBoost,ResNet,68,94,162,0.008816599592301527,0.022030741785459444,0.016484064815491924,0.007667465223190397,-0.0031306384757200903,0.018289386513766506,0.15798420157984203,False,0.067,0.008816599592301527,False,False,1.8696624070220302,False,False,0.2964303569643036
CatBoost,SAINT,39,64,103,0.012961921772312849,0.015473375510095776,0.01452243671617797,0.0015605149438651222,-0.018406795935658093,0.0193403983575105,0.8756124387561244,False,0.1127,0.012961921772312849,False,False,1.1203922513402635,False,False,0.9303382161783822
CatBoost,STG,67,88,155,0.04633483612421551,0.07017755045159203,0.059871344903629276,0.013536508779413765,-0.004058292069860349,0.029948233366067577,0.12188781121887811,False,0.0,0.04633483612421551,False,False,1.2921453902011173,False,False,0.2783408226341545
CatBoost,SVM,63,76,139,0.0118275834850434,0.03521191258044918,0.024613259824977494,0.012785676339934094,-0.00031954768544104935,0.02694529042677118,0.06419358064193581,False,0.0306,0.0118275834850434,False,False,2.0810049538946185,False,False,0.1888772661195419
CatBoost,TabNet,68,90,158,0.01552469955714136,0.07025707814732753,0.04670137090598158,0.03117667134884022,0.01706995569446325,0.045819925949595615,9.999000099990002e-05,False,0.0,0.01552469955714136,False,False,3.008198048154752,False,False,0.0038246175382461757
CatBoost,VIME,67,90,157,0.07954694811277256,0.15507057813040748,0.12284074875982441,0.04329380064705185,0.014866949650485755,0.07057972278854334,0.0028997100289971,False,0.0,0.07954694811277256,False,False,1.5442547033441794,False,False,0.0260973902609739
CatBoost,XGBoost,68,95,163,-0.004404836219962477,-0.006133852198071866,-0.005412544918860587,-0.00100770869889811,-0.008226253289229175,0.0052401249652776205,0.7682231776822318,False,0.0568,0.004404836219962477,False,False,1.228773250258711,False,False,0.8706529347065294
DANet,DecisionTree,62,85,147,0.04128638574011439,0.013841396864541857,0.02541683434947721,-0.015869551390637178,-0.03028348994362208,-0.0013777494143670144,0.0313968603139686,False,0.0001,0.02541683434947721,False,False,0.6156226536628486,False,False,0.11753702678512637
DANet,FTTransformer,56,74,130,0.005901333040049272,0.007456295003566215,0.00678646523466661,0.0008851321946173381,-0.01241564097802437,0.015024112289509303,0.8958104189581042,False,0.2038,0.005901333040049272,False,False,1.149988517612954,False,False,0.9308292143758597
DANet,KNN,62,84,146,0.04035541514783566,0.054688492338411096,0.0486018431204955,0.008246427972659842,-0.008277309461884414,0.024915862678498216,0.3274672532746725,False,0.0,0.04035541514783566,False,False,1.2043450164606253,False,False,0.4912008799120088
DANet,LightGBM,62,81,143,-0.007857500473923805,-0.018022627783267544,-0.013615369789006623,-0.005757869315082818,-0.016589835230781405,0.004623224862708902,0.28997100289971,False,0.0625,0.007857500473923805,False,False,1.7327863783389004,False,False,0.4436556344365563
DANet,LinearModel,61,85,146,0.056901176545333776,0.05015675897014778,0.0529746320666296,-0.0039265444787041776,-0.023738246282706446,0.01572354808454833,0.7019298070192981,False,0.0,0.0529746320666296,False,False,0.9309936152976405,False,False,0.8327074984809212
DANet,MLP,62,84,146,0.043575140458620584,0.045656450478884704,0.04477260649767665,0.0011974660390560651,-0.015906692303293852,0.01790873091293863,0.8927107289271073,False,0.0,0.043575140458620584,False,False,1.0274804860398141,False,False,0.9308292143758597
DANet,MLP-rtdl,62,85,147,0.03104743434053229,0.04106472661816279,0.0368397462017472,0.005792311861214913,-0.015933882562180663,0.026049987464695525,0.5844415558444156,False,0.0008,0.03104743434053229,False,False,1.1865633017428778,False,False,0.7441883910782476
DANet,NODE,53,75,128,0.00023685425632304053,0.002780989028746132,0.0017275582245396956,0.001490703968216655,-0.006702307712239639,0.009800774634554896,0.7075292470752925,False,0.3733,0.00023685425632304053,False,False,7.29376052327941,False,False,0.8327074984809212
DANet,RandomForest,62,84,146,0.002637674977862888,-0.010583900984664033,-0.0049692591375635605,-0.007606934115426449,-0.017079840347066295,0.002116395462687183,0.11728827117288271,True,0.62,0.002637674977862888,False,False,1.8839543079677625,False,False,0.27189553771895536
DANet,ResNet,62,84,146,0.0018041252031581207,-0.009891964150642144,-0.004925131685329703,-0.0067292568884878235,-0.016214470235733195,0.0019430757798547353,0.14088591140885912,True,0.5069,0.0018041252031581207,False,False,2.729927876794948,False,False,0.28740725927407257
DANet,SAINT,36,63,99,0.005481612148541096,-0.013185855338028882,-0.006397685342912527,-0.011879297491453623,-0.027598465574412857,0.0026173693069533027,0.11698830116988301,True,0.5923,0.005481612148541096,False,False,1.1671174774040223,False,False,0.27189553771895536
DANet,STG,62,85,147,0.03346774571757664,0.03588841091682161,0.034867450084486995,0.0013997043669103579,-0.01440934762935743,0.016248797126564046,0.8542145785421458,False,0.0,0.03346774571757664,False,False,1.0418224872007218,False,False,0.9269136916095625
DANet,SVM,62,73,135,0.000710860017089719,0.0025424376490923517,0.0017012686625429943,0.0009904086454532754,-0.007989077320227501,0.010071691973617401,0.8288171182881712,False,0.3301,0.000710860017089719,False,False,2.393254117045486,False,False,0.9093847758081335
DANet,TabNet,62,85,147,0.008908664053785605,0.045622433870867875,0.030137714628288955,0.02122905057450335,0.009921677889077439,0.03270493916681523,0.00039996000399960006,False,0.0105,0.008908664053785605,False,False,3.3829667889970976,False,False,0.007649235076492351
DANet,VIME,62,84,146,0.05922165288263956,0.12705107260491422,0.09824679847627703,0.03902514559363747,0.014658068022885273,0.06420493113124366,0.001999800019998,False,0.0,0.05922165288263956,False,False,1.6589675176911085,False,False,0.021417858214178583
DANet,XGBoost,62,85,147,-0.010561586402518277,-0.03094701202349127,-0.022349077407842796,-0.01178749100532452,-0.022732129004914274,-0.0009521105325199686,0.0334966503349665,False,0.0174,0.010561586402518277,False,False,2.116072013813563,False,False,0.12025309096997278
DecisionTree,FTTransformer,59,80,139,-0.033007316399897034,0.003541349839322282,-0.011972112808979442,0.02103520359091759,0.006655217647800226,0.03536175546335653,0.004399560043995601,False,0.0345,0.011972112808979442,False,False,0.36271088094325626,False,False,0.03365663433656635
DecisionTree,KNN,68,96,164,-0.0009591232904972937,0.03435725044737482,0.019713875970696133,0.020672999261193425,0.0017992774906604044,0.039491074704895684,0.0314968503149685,True,0.5277,0.0009591232904972937,False,False,20.554058238409297,False,False,0.11753702678512637
DecisionTree,LightGBM,69,95,164,-0.05035538974909,-0.031602568634483165,-0.039492475079043354,0.010862914670046644,-0.00018322634422749702,0.021899025149819604,0.05349465053494651,False,0.0,0.039492475079043354,False,False,0.7842750354197595,False,False,0.16048395160483955
DecisionTree,LinearModel,67,100,167,0.01615109660688021,0.04803150629991437,0.035241162291331805,0.019090065684451596,-0.0033385304441584124,0.04168205707303278,0.09479052094790522,False,0.0896,0.01615109660688021,False,False,2.181967153630882,False,False,0.2417158284171583
DecisionTree,MLP,71,99,170,-0.0038735732768552635,0.02927505853121369,0.015430629952549596,0.01930420322940486,0.000797064112741615,0.03799763748317177,0.042195780421957804,True,0.6147,0.0038735732768552635,False,False,3.983564747502817,False,False,0.13736073201190518
DecisionTree,MLP-rtdl,71,100,171,-0.016386288012877837,0.02399649961487377,0.007229377266509065,0.023615665279386903,0.001838712127369934,0.04453061033895988,0.030096990300969902,True,0.6636,0.007229377266509065,False,False,0.4411845599703583,False,False,0.11753702678512637
DecisionTree,NODE,58,80,138,-0.03551448953195529,0.005396550956104929,-0.011797944321485593,0.023716545210469696,0.011441797040860277,0.03710535450007015,0.00019998000199980003,False,0.0154,0.011797944321485593,False,False,0.33220087003841114,False,False,0.0061193880611938815
DecisionTree,RandomForest,71,99,170,-0.037604062325623334,-0.024382174743504317,-0.02990425720427167,0.007699805121351665,-0.0031110639847502144,0.018043759196825587,0.15298470152984703,False,0.0,0.02990425720427167,False,False,0.7952400712806756,False,False,0.2964303569643036
DecisionTree,ResNet,71,99,170,-0.04314173584881043,-0.02456965566764932,-0.03232623033154603,0.010815505517264401,-0.004218807013738975,0.02551248558818696,0.147985201479852,False,0.0,0.03232623033154603,False,False,0.7493029590842802,False,False,0.2964303569643036
DecisionTree,SAINT,40,66,106,-0.0406021726354292,-0.028254847799506964,-0.03291421566211913,0.007687956973310074,-0.014184732167224696,0.028662412090231487,0.4754524547545245,False,0.0021,0.03291421566211913,False,False,0.8106515864965903,False,False,0.6271053929089849
DecisionTree,STG,70,93,163,-0.005596072797130553,0.023809405386881352,0.011181285921354768,0.01677735871848532,-0.002197233809656206,0.03478096087562115,0.074992500749925,True,0.5785,0.005596072797130553,False,False,1.9980594117875117,False,False,0.2141785821417858
DecisionTree,SVM,65,78,143,-0.036968980678971426,-0.010746296772008805,-0.0226656985479009,0.014303282131070526,-0.003169728328204453,0.03157920279088742,0.11118888111188881,False,0.0038,0.0226656985479009,False,False,0.6131004461476409,False,False,0.2701136136386361
DecisionTree,TabNet,71,95,166,-0.03637320937294449,0.021172515236043875,-0.0034404151690053644,0.032932794203939124,0.01635105093093506,0.048949590392503683,9.999000099990002e-05,False,0.3251,0.0034404151690053644,False,False,0.09458651651356481,True,True,0.0038246175382461757
DecisionTree,VIME,69,93,162,0.02952060367567018,0.10710379331861997,0.07405910143365986,0.04453849775798968,0.018002150393008516,0.07147989025784203,0.0014998500149985001,False,0.0291,0.02952060367567018,False,False,2.5087258461010644,False,False,0.020397960203979604
DecisionTree,XGBoost,71,100,171,-0.05566785684954259,-0.05312458476239744,-0.054180563231329054,0.0014872936182135366,-0.011815932711658738,0.01381841385046119,0.8202179782021798,False,0.0,0.054180563231329054,False,False,0.9732827218006013,False,False,0.9093847758081335
FTTransformer,KNN,59,80,139,0.03575343027332235,0.040914921503493046,0.03872407270795296,0.002970642434630612,-0.017186940136888564,0.022675981152393207,0.7632236776322368,False,0.0,0.03575343027332235,False,False,1.0830869209449583,False,False,0.8706529347065294
FTTransformer,LightGBM,59,79,138,-0.014233548695672903,-0.028572872248928564,-0.02244229188920332,-0.008208743193530418,-0.024230053625181498,0.007156923915361679,0.30426957304269575,False,0.0109,0.014233548695672903,False,False,1.5767179618408116,False,False,0.46092321460923213
FTTransformer,LinearModel,57,80,137,0.05486502409354296,0.05904384268260006,0.05730521013094857,0.0024401860374056034,-0.020100724971555677,0.02558433963079973,0.831016898310169,False,0.0,0.05486502409354296,False,False,1.0444761681548735,False,False,0.9093847758081335
FTTransformer,MLP,59,79,138,0.037541229747938686,0.043211285978656984,0.04078713150320497,0.0032459017552662825,-0.011714262863887158,0.019295013796722268,0.6798320167983202,False,0.0,0.037541229747938686,False,False,1.0864623182847255,False,False,0.8327074984809212
FTTransformer,MLP-rtdl,59,80,139,0.02541903059765924,0.027894135540199184,0.026843551427898057,0.0014245208302388172,-0.016797046259943004,0.018466929047921566,0.8726127387261274,False,0.0001,0.02541903059765924,False,False,1.0560415089303208,False,False,0.9303382161783822
FTTransformer,NODE,51,70,121,-0.005672076891133727,0.0019190909693893715,-0.0012804921784344138,0.004391584712699313,-0.007703690744610687,0.016683239030214837,0.47265273472652736,False,0.3978,0.0012804921784344138,False,False,0.22575367065915614,True,True,0.6271053929089849
FTTransformer,RandomForest,59,79,138,-0.0037695893265615624,-0.025855983193601415,-0.01641324958378003,-0.012643660257218466,-0.02936424623780651,0.003925325728177968,0.134986501349865,False,0.2982,0.0037695893265615624,False,False,4.3541214073712915,False,False,0.2831264818723607
FTTransformer,ResNet,59,79,138,-0.004283592386028889,-0.01664751789925025,-0.011361491774032423,-0.007077899388003534,-0.02005086115520787,0.0035913898022459,0.2298770122987701,False,0.1018,0.004283592386028889,False,False,2.6523279411664826,False,False,0.3951818301315936
FTTransformer,SAINT,38,65,103,0.00346871200172142,-0.019082973394992563,-0.010762934122418473,-0.014231646124139893,-0.028861919240741198,-0.0008506286066911868,0.04609539046095391,True,0.7587,0.00346871200172142,False,False,3.102861845283536,False,False,0.14692905709429058
FTTransformer,STG,59,77,136,0.031768060045249055,0.026477607845958023,0.028772730491238695,-0.00299532955401036,-0.019161408643500667,0.012543189704581563,0.7073292670732927,False,0.0,0.028772730491238695,False,False,0.9057125443056976,False,False,0.8327074984809212
FTTransformer,SVM,58,69,127,-0.0033069952582195166,0.0006262678400079787,-0.0011700255434344998,0.0021369697147850166,-0.014900457556793414,0.01794738074092013,0.7972202779722027,False,0.4002,0.0011700255434344998,False,False,0.3538032116999286,False,False,0.8968728127187281
FTTransformer,TabNet,59,77,136,0.00252577925536897,0.038517932138567065,0.02290368934365025,0.020377910088281277,0.0031056392170426615,0.037548292703508644,0.020397960203979604,False,0.3175,0.00252577925536897,False,False,9.067969536516143,False,False,0.09179082091790822
FTTransformer,VIME,59,77,136,0.05479582004709895,0.11135787196692937,0.08681992297229704,0.03202410292519809,0.011673027994110225,0.05283169078813958,0.0018998100189981002,False,0.0,0.05479582004709895,False,False,1.5844260182194962,False,False,0.021417858214178583
FTTransformer,XGBoost,59,80,139,-0.015555308577480921,-0.05051849901502152,-0.03567800810987839,-0.020122699532397467,-0.0382849039278287,-0.00258653755781495,0.025697430256974303,False,0.0082,0.015555308577480921,False,False,2.2936226518533136,False,False,0.10346596919255444
KNN,LightGBM,68,93,161,-0.048511576812045695,-0.07333333003267975,-0.06284960817551755,-0.014338031363471851,-0.030789068713974445,0.0016176920344936018,0.08299170082991701,False,0.0,0.048511576812045695,False,False,1.2955589635649947,False,False,0.22276719696451408
KNN,LinearModel,65,96,161,0.01757412106378886,0.01629190939567512,0.016809572491497442,-0.0007645485722914194,-0.02053991121001995,0.01956927783357599,0.9439056094390561,False,0.0518,0.016809572491497442,False,False,0.9564957718501919,False,False,0.956407670491229
KNN,MLP,68,95,163,0.0013781024531085045,-0.0032958048891347925,-0.0013459539733523124,-0.002724056426460817,-0.018090653544265856,0.013030241090798436,0.7332266773322668,True,0.3907,0.0013459539733523124,False,False,0.9766719232785076,False,False,0.8498763759987638
KNN,MLP-rtdl,68,96,164,-0.011007757260763803,-0.010241574322965791,-0.010559259931321067,0.00044849732944273607,-0.017805570796954995,0.018192251301482033,0.9622037796220378,False,0.1466,0.010559259931321067,False,False,0.959256248224026,False,False,0.9655034496550345
KNN,NODE,58,78,136,-0.04705192925528188,-0.051732311186243954,-0.04973626595098072,-0.0026843366956988413,-0.018407806119247784,0.012709240988765889,0.7332266773322668,False,0.0,0.04705192925528188,False,False,1.0570505128734442,False,False,0.8498763759987638
KNN,RandomForest,68,95,163,-0.034589726098511374,-0.05797391798161297,-0.04821854958866261,-0.013628823490151237,-0.02956581217619818,0.0017654984983971394,0.0882911708829117,False,0.0,0.034589726098511374,False,False,1.3940136285363005,False,False,0.2329060197428533
KNN,ResNet,68,95,163,-0.03765140062447215,-0.05583476578370021,-0.04824906743506519,-0.010597666810593043,-0.025354153370746105,0.004330026750215106,0.1593840615938406,False,0.0,0.03765140062447215,False,False,1.2814680632014765,False,False,0.2964303569643036
KNN,SAINT,40,66,106,-0.027797290423143543,-0.06841805945786635,-0.05308946736929171,-0.025292176946148166,-0.0504554352836003,-0.0003296588846608536,0.04789521047895211,False,0.0177,0.027797290423143543,False,False,1.909879220641244,False,False,0.14955035108734024
KNN,STG,67,90,157,-0.0013712753504392674,-0.01362533009466408,-0.008395892719740117,-0.007024617369300849,-0.024240471190658475,0.009824102292413778,0.41055894410558946,False,0.3522,0.0013712753504392674,False,False,6.122689157251036,False,False,0.5767102188863683
KNN,SVM,65,78,143,-0.03759905113609884,-0.049093673542518375,-0.043868845175964045,-0.0062697940398652036,-0.02139432566245055,0.008349830144563686,0.40815918408159185,False,0.0,0.03759905113609884,False,False,1.1667540496479598,False,False,0.5767102188863683
KNN,TabNet,68,91,159,-0.030933317308284386,-0.012458210611569875,-0.020359514104504383,0.010573803203780003,-0.007497058492883617,0.02785552830980553,0.23357664233576642,False,0.006,0.020359514104504383,False,False,0.6581742883118396,False,False,0.39708029197080286
KNN,VIME,68,91,159,0.020445156011818094,0.0719370763057274,0.04991537454481021,0.029470218532992115,0.0070366550904722765,0.05215885295987379,0.009599040095990401,False,0.0062,0.020445156011818094,False,False,2.4414279116264597,False,False,0.05874612538746126
KNN,XGBoost,68,96,164,-0.05063126505870998,-0.08494414686452029,-0.0707168544084526,-0.020085589349742618,-0.03690620678005336,-0.0040163179040097466,0.017598240175982403,False,0.0,0.05063126505870998,False,False,1.396703288500735,False,False,0.08653197180281973
LightGBM,LinearModel,66,95,161,0.06843048301950555,0.08418914013119227,0.0777290695139791,0.009298586494473543,-0.015153374484683353,0.03470754352503414,0.4654534546545345,False,0.0,0.06843048301950555,False,False,1.135883689317567,False,False,0.6271053929089849
LightGBM,MLP,69,94,163,0.04931094685344389,0.06349411152653409,0.057490195192526586,0.008179248339082693,-0.011472301774903519,0.027517975373905306,0.41085891410858916,False,0.0,0.04931094685344389,False,False,1.1658708433117717,False,False,0.5767102188863683
LightGBM,MLP-rtdl,69,95,164,0.03693792568614945,0.05741446429501091,0.048799335246160654,0.0118614095600112,-0.010786254336709442,0.033333814027836674,0.28927107289271076,False,0.0003,0.03693792568614945,False,False,1.3211173702820798,False,False,0.4436556344365563
LightGBM,NODE,58,78,136,0.0056467061549822905,0.018486059518300353,0.0130104529368853,0.00736374678190301,-0.004087181703114135,0.01931451034294479,0.2104789521047895,False,0.146,0.0056467061549822905,False,False,2.304078267895296,False,False,0.3701526399084229
LightGBM,RandomForest,69,94,163,0.014140167576899247,0.015496314087866133,0.014922239797947635,0.0007820722210483879,-0.008308119955163064,0.010217975367310643,0.863013698630137,False,0.0,0.014140167576899247,False,False,1.0553085539329856,False,False,0.9298668724676828
LightGBM,ResNet,69,94,163,0.010657026636200847,0.01600561387188567,0.013741487986841171,0.003084461350640324,-0.008583036811628354,0.014850257273521131,0.613038696130387,False,0.0394,0.010657026636200847,False,False,1.2894298246532216,False,False,0.7688108238356491
LightGBM,SAINT,40,65,105,0.019652318471182158,0.0030104532321080305,0.009350211418421982,-0.010302107052760176,-0.0290850713012113,0.007876878051181832,0.28087191280871915,False,0.1041,0.009350211418421982,False,False,0.4757815945295707,False,False,0.4385041087727962
LightGBM,STG,68,88,156,0.04711182305045157,0.059079661154644005,0.0538629112117909,0.006751088161339326,-0.011996148132726595,0.02495421447877325,0.4744525547445255,False,0.0,0.04711182305045157,False,False,1.1432992341245138,False,False,0.6271053929089849
LightGBM,SVM,65,75,140,0.011889662168634322,0.023522263386411033,0.018121412821014704,0.006231750652380382,-0.007721916609370999,0.021048967268773363,0.39986001399860016,False,0.0391,0.011889662168634322,False,False,1.5241318520235279,False,False,0.5767102188863683
LightGBM,TabNet,69,90,159,0.01734917499749563,0.05949820783744531,0.04120711811444827,0.02385794311695264,0.011724410797630699,0.03681966899825323,0.00039996000399960006,False,0.0,0.01734917499749563,False,False,2.3751629757839527,False,False,0.007649235076492351
LightGBM,VIME,68,89,157,0.06895673282386378,0.13806052146837225,0.10813021810641955,0.03917348528255578,0.014846191176199048,0.06445237397624262,0.0020997900209979003,False,0.0,0.06895673282386378,False,False,1.5680878962554192,False,False,0.021417858214178583
LightGBM,XGBoost,69,95,164,-0.002056462951163978,-0.012986692321683358,-0.008387998257257523,-0.006331535306093546,-0.010519596323113325,-0.002231819035072067,0.0028997100289971,False,0.0899,0.002056462951163978,False,False,4.078847252030402,False,False,0.0260973902609739
LinearModel,MLP,67,99,166,-0.016738818879706917,-0.01847276309510028,-0.017772918140694524,-0.0010340992609876067,-0.016885933885487547,0.014668066441820227,0.9004099590040996,False,0.0168,0.016738818879706917,False,False,1.0617785082937532,False,False,0.9308292143758597
LinearModel,MLP-rtdl,67,100,167,-0.029938236325297313,-0.024035006685040612,-0.026403368277239405,0.0035348680480579084,-0.01801093883223029,0.02388572971989281,0.7389261073892611,False,0.0083,0.026403368277239405,False,False,0.8819279796695638,False,False,0.8500428152673455
LinearModel,NODE,56,80,136,-0.06058954082414093,-0.03907043548828841,-0.0479312435677571,0.012658297256383837,-0.006944743107252882,0.0334946489626788,0.21537846215378462,False,0.0,0.0479312435677571,False,False,0.7910811489209976,False,False,0.3744648262446482
LinearModel,RandomForest,67,99,166,-0.053608789805927835,-0.07322685906947408,-0.0653087226799705,-0.01169993287404266,-0.032624563313018835,0.009543555607976288,0.26447355264473554,False,0.0,0.053608789805927835,False,False,1.2182465397260083,False,False,0.42293895610438953
LinearModel,ResNet,67,99,166,-0.05831753173677824,-0.07231747729396329,-0.06666689685823196,-0.00834936512145372,-0.028056814734543516,0.01095057156262662,0.4106589341065893,False,0.0,0.05831753173677824,False,False,1.1431707562511284,False,False,0.5767102188863683
LinearModel,SAINT,38,66,104,-0.06608394859449844,-0.08992048393898669,-0.08121098064003908,-0.01512703204554064,-0.05111750173448018,0.01990262388167893,0.40105989401059894,False,0.0,0.06608394859449844,False,False,1.2289062982353325,False,False,0.5767102188863683
LinearModel,STG,67,93,160,-0.020232169013739504,-0.018841446703056895,-0.019423811670655235,0.0008083573430842685,-0.019652645503350847,0.021073189084798605,0.9417058294170583,False,0.0511,0.019423811670655235,False,False,0.9600459376087992,False,False,0.956407670491229
LinearModel,SVM,64,78,142,-0.05413395128242965,-0.051929081300522574,-0.05292282551772013,0.0012111257647095183,-0.017927475356444393,0.019470216773355094,0.8986101389861014,False,0.0,0.05292282551772013,False,False,0.9776272424972123,False,False,0.9308292143758597
LinearModel,TabNet,67,95,162,-0.05097911083545045,-0.021617681660793277,-0.03376098878858359,0.01721812204686686,-0.00717974672636304,0.04180923495381215,0.16318368163183683,False,0.0019,0.03376098878858359,False,False,0.6622514248543244,False,False,0.2964303569643036
LinearModel,VIME,65,93,158,0.0026228638248684253,0.06116527915822422,0.037081374116020895,0.03445851029115247,0.010883668055821246,0.05825627968596908,0.0038996100389961006,False,0.3709,0.0026228638248684253,False,False,14.137742784980865,False,False,0.033146685331466856
LinearModel,XGBoost,67,100,167,-0.0716198689536628,-0.10115609106231181,-0.08930622949776401,-0.017686360544101207,-0.04257786675483838,0.00672592035942979,0.16098390160983903,False,0.0,0.0716198689536628,False,False,1.2469476808948654,False,False,0.2964303569643036
MLP,MLP-rtdl,71,99,170,-0.012512714736022574,-0.0054225801239830155,-0.008383753991364243,0.004128960744658331,-0.008050062587993585,0.015414369099084307,0.48605139486051396,False,0.0671,0.008383753991364243,False,False,0.6700187903451872,False,False,0.6356056702022105
MLP,NODE,58,79,137,-0.044589491436935524,-0.03332530831460306,-0.038094086570773004,0.00649540486616252,-0.007992622594729519,0.021291360776505917,0.39536046395360464,False,0.0,0.038094086570773004,False,False,0.8543287968343573,False,False,0.5767102188863683
MLP,RandomForest,71,98,169,-0.03373048904876807,-0.05442633671056237,-0.045731631479867724,-0.012001142431099655,-0.02859394642981198,0.005077441815872759,0.16318368163183683,False,0.0001,0.03373048904876807,False,False,1.355795091311846,False,False,0.2964303569643036
MLP,ResNet,71,99,170,-0.03926816257195518,-0.05384471419886302,-0.047756860284095634,-0.008488697712140454,-0.02349836528606955,0.006282926440288121,0.2653734626537346,False,0.0,0.03926816257195518,False,False,1.2161725213545636,False,False,0.42293895610438953
MLP,SAINT,40,66,106,-0.03631258420200349,-0.05843095776880847,-0.05008440170586319,-0.013771817503859696,-0.037390928525952584,0.009528597655645586,0.25617438256174385,False,0.0002,0.03631258420200349,False,False,1.3792574339311234,False,False,0.4214481777628689
MLP,STG,70,92,162,-0.001724412403221023,-0.007477330003963731,-0.004991501411050215,-0.003267089007829192,-0.018577404578474066,0.011862038909972854,0.6744325567443256,False,0.3068,0.001724412403221023,False,False,2.894610014244046,False,False,0.8327074984809212
MLP,SVM,65,77,142,-0.039966816058367605,-0.03450461769281648,-0.03700491976155467,0.002961896296812934,-0.012175204274830168,0.01776235255318108,0.6956304369563043,False,0.0,0.03700491976155467,False,False,0.9258911119542929,False,False,0.8327074984809212
MLP,TabNet,71,94,165,-0.032499636096089225,-0.005605185660340766,-0.01717794918117798,0.015321686914911245,-0.0027629686335141107,0.03330494618561149,0.0984901509849015,False,0.021,0.01717794918117798,False,False,0.5285582007869021,False,False,0.24703267378180213
MLP,VIME,69,93,162,0.029956350919142376,0.07569296814903947,0.056212557106675894,0.026256206187533517,0.00486281245255622,0.04646181215620645,0.015298470152984701,False,0.0,0.029956350919142376,False,False,1.8764821275596544,False,False,0.07904209579042096
MLP,XGBoost,71,99,170,-0.051794283572687325,-0.08272336013641755,-0.06980592227744788,-0.018011638704760552,-0.03852748807265962,0.002456798155802146,0.08299170082991701,False,0.0,0.051794283572687325,False,False,1.347753409495148,False,False,0.22276719696451408
MLP-rtdl,NODE,58,80,138,-0.033121152389299066,-0.023540768565942522,-0.02756730669459962,0.0055538456946994455,-0.01289181876415999,0.026028047209350588,0.5737426257374263,False,0.0004,0.02756730669459962,False,False,0.8323172566757125,False,False,0.7376690902338338
MLP-rtdl,RandomForest,71,99,170,-0.021217774312745494,-0.04868514492036171,-0.03721347837247494,-0.015995704059729447,-0.036938037799136174,0.005815247095172171,0.13508649135086492,False,0.0276,0.021217774312745494,False,False,1.7538822792605935,False,False,0.2831264818723607
MLP-rtdl,ResNet,71,99,170,-0.026755447835932603,-0.04842213407487998,-0.03937310629273137,-0.01261765845679877,-0.028983297149725366,0.0043280057425669465,0.13808619138086192,False,0.0,0.026755447835932603,False,False,1.4715921233750846,False,False,0.28550253082799826
MLP-rtdl,SAINT,40,66,106,-0.01914293968095606,-0.05137252386772817,-0.03921041662743681,-0.02006747694648075,-0.04529439736024868,0.006344374238729554,0.13008699130086993,False,0.0654,0.01914293968095606,False,False,2.0482965145862337,False,False,0.2831264818723607
MLP-rtdl,STG,70,93,163,0.01094288003263747,0.0011105600006761634,0.0053330287260583194,-0.00560985130657915,-0.022675930888456278,0.012004232507464883,0.5129487051294871,False,0.2028,0.0053330287260583194,False,False,0.4873514751283392,False,False,0.6650945074984027
MLP-rtdl,SVM,65,78,143,-0.027275451397872196,-0.026472679711384846,-0.026837575932515456,0.00043787546535674,-0.019669608482190657,0.021238946440524258,0.9655034496550345,False,0.003,0.026837575932515456,False,False,0.9839461698004786,False,False,0.9655034496550345
MLP-rtdl,TabNet,71,95,166,-0.01998692136006666,-0.0005239343783077549,-0.00884846495484319,0.011138456405223469,-0.008421390721261541,0.03149039026910104,0.27377262273772623,False,0.1663,0.00884846495484319,False,False,0.44271275177587827,False,False,0.43182692040074344
MLP-rtdl,VIME,69,93,162,0.04246001390838299,0.08118197847763588,0.06468928986480595,0.022229275956422954,0.0007205265479258014,0.04264899597543893,0.0392960703929607,False,0.0,0.04246001390838299,False,False,1.523534354095776,False,False,0.13360663933606637
MLP-rtdl,XGBoost,71,100,171,-0.039281568836664754,-0.0771210843772712,-0.061409940497838114,-0.02212837166117336,-0.044231445472977644,-0.00010038396960297342,0.049795020497950204,False,0.0,0.039281568836664754,False,False,1.5633270848520466,False,False,0.15237276272372763
NODE,RandomForest,58,79,137,0.0054381085016388915,-0.018177161159516078,-0.008179455755523464,-0.013617564257162356,-0.023195862444412345,-0.0042425950432383105,0.0059994000599940004,True,0.8224,0.0054381085016388915,True,False,1.504099403875154,False,False,0.04241848542418485
NODE,ResNet,58,79,137,0.004597786858593708,-0.012718509385671374,-0.005387522654522654,-0.009985309513116361,-0.01965814610375238,-0.000999607371082633,0.0352964703529647,True,0.7697,0.004597786858593708,False,False,1.1717643336277872,False,False,0.12273545372735453
NODE,SAINT,34,58,92,0.012092228760997558,-0.01956434773813768,-0.007865178162370309,-0.019957406923367865,-0.036696518991536156,-0.006173505709123278,0.011498850114988501,True,0.8526,0.007865178162370309,True,False,0.6504324651662862,False,False,0.06766631029204771
NODE,STG,57,76,133,0.04376992590462366,0.0287638283242544,0.03519501300155551,-0.008574912903068152,-0.023180673612987385,0.00546697707358901,0.24437556244375563,False,0.0,0.03519501300155551,False,False,0.8040912172948793,False,False,0.4108731983944463
NODE,SVM,56,67,123,0.00645776615826567,0.0028282291065333596,0.004480701260167582,-0.001977064898098088,-0.011424153324746387,0.007488407981268237,0.6883311668833116,False,0.1734,0.004480701260167582,False,False,0.6938469356671382,True,False,0.8327074984809212
NODE,TabNet,58,77,135,0.011710747233866736,0.04385290917618591,0.030043684045411745,0.01833293681154501,0.003901622916176822,0.03283023112923597,0.013398660133986601,False,0.0134,0.011710747233866736,False,False,2.565479678233283,False,False,0.0759257407592574
NODE,VIME,58,75,133,0.06576238652195489,0.10539195838923708,0.08810988945463283,0.02234750293267794,0.0010723937985977585,0.04382190953938472,0.0402959704029597,False,0.0,0.06576238652195489,False,False,1.3398219577268107,False,False,0.13402790155767033
NODE,XGBoost,58,80,138,-0.008499961915850755,-0.03252265468878925,-0.022426160624800608,-0.013926198708949853,-0.0252867095162601,-0.0029992723247067136,0.015198480151984802,False,0.0438,0.008499961915850755,False,False,2.6383836594585484,False,False,0.07904209579042096
RandomForest,ResNet,71,98,169,-0.005537673523187111,-0.0002717413702947353,-0.002484056061746562,0.0030536174614405488,-0.008324375144070707,0.014081454921632373,0.5885411458854115,False,0.282,0.002484056061746562,False,False,0.4485739456010594,True,False,0.7441883910782476
RandomForest,SAINT,40,65,105,-0.0003332767338479897,-0.005838553784980081,-0.003741305384548809,-0.003408028650700819,-0.02081453359976485,0.014180512548988201,0.69003099690031,False,0.3561,0.0003332767338479897,False,False,11.225822280937406,False,False,0.8327074984809212
RandomForest,STG,70,92,162,0.03252546450523756,0.0488276528966311,0.04178349741886846,0.0092580329136309,-0.006958812090477398,0.024721748173434564,0.2505749425057494,False,0.0003,0.03252546450523756,False,False,1.284639529502802,False,False,0.4167170239497789
RandomForest,SVM,65,77,142,9.402459230757502e-05,0.01207241631731462,0.006589349682628296,0.006495325090320721,-0.004876976323689944,0.017908246648643097,0.26177382261773824,False,0.4234,9.402459230757502e-05,False,False,70.08113006300619,False,False,0.42293895610438953
RandomForest,TabNet,71,94,165,0.0012308529526788362,0.04530382479942838,0.026339091459311906,0.02510823850663307,0.010166193585370732,0.04022793508672226,0.0011998800119988001,False,0.3959,0.0012308529526788362,False,False,21.399056160191467,False,False,0.020397960203979604
RandomForest,VIME,69,92,161,0.0652176063861632,0.13342460014052634,0.10419303138865643,0.038975425002493236,0.011979768852696405,0.06540289637607612,0.004199580041995801,False,0.0,0.0652176063861632,False,False,1.5976212124639153,False,False,0.03365663433656635
RandomForest,XGBoost,71,99,170,-0.01806379452391925,-0.02918127027553512,-0.02453808922633085,-0.0064742947024116,-0.016087442668524906,0.002415260101898065,0.16468353164683533,False,0.0,0.01806379452391925,False,False,1.3584127738963503,False,False,0.2964303569643036
ResNet,SAINT,40,66,106,0.008148573166925552,-0.006483275873598051,-0.0009618234054759358,-0.009110396572401489,-0.020598254430293596,0.0032524117649817873,0.1326867313268673,True,0.517,0.0009618234054759358,False,False,0.11803580648694484,True,True,0.2831264818723607
ResNet,STG,70,92,162,0.03807743393400034,0.04758834467292097,0.043478691884498474,0.005401257950498131,-0.00809703819229746,0.018424239805897275,0.4243575642435756,False,0.0,0.03807743393400034,False,False,1.141849315787932,False,False,0.590242793902428
ResNet,SVM,65,77,142,0.0006510497473300262,0.019904288571013683,0.01109118629256694,0.010440136545236914,0.0017611507705219051,0.020891958840934515,0.0337966203379662,False,0.4134,0.0006510497473300262,False,False,17.035850698125934,False,False,0.12025309096997278
ResNet,TabNet,71,94,165,0.006768526475865948,0.04827398749995397,0.03041406184716457,0.023645535371298623,0.011830129136564593,0.03604277532764499,0.00039996000399960006,False,0.0633,0.006768526475865948,False,False,4.493453923185471,False,False,0.007649235076492351
ResNet,VIME,69,93,162,0.0688040599562612,0.13269426340231935,0.10548176934196124,0.036677709385700044,0.010767531004986423,0.06268689255967719,0.006099390060993901,False,0.0,0.0688040599562612,False,False,1.5330747837993295,False,False,0.04241848542418485
ResNet,XGBoost,71,99,170,-0.012526121000732146,-0.028878645937554535,-0.022049061993352242,-0.009522940992620096,-0.021313009476412112,0.0023090799822989895,0.11228877112288771,False,0.0124,0.012526121000732146,False,False,1.7602466072348721,False,False,0.2701136136386361
SAINT,STG,40,66,106,0.02795337368271692,0.048446071569587294,0.04071297802737206,0.012759604344655139,-0.005515145886437064,0.030438767222318197,0.1623837616238376,False,0.0,0.02795337368271692,False,False,1.4564602644919449,False,False,0.2964303569643036
SAINT,SVM,38,59,97,-0.008849945982319385,0.026120638725319122,0.01242082203572878,0.021270768018048166,0.003492214660071202,0.04098890723976685,0.025597440255974404,True,0.8159,0.008849945982319385,True,False,1.4034912823810868,False,False,0.10346596919255444
SAINT,TabNet,40,66,106,0.0014459335772463917,0.06550522293677222,0.0413319061973285,0.03988597262008211,0.022812199242951983,0.05809701221138768,9.999000099990002e-05,False,0.3993,0.0014459335772463917,False,False,28.584927307684627,False,False,0.0038246175382461757
SAINT,VIME,40,66,106,0.06255244844008624,0.1305909910299945,0.10491606929795363,0.04236362085786739,0.011330165137515474,0.07340877119517857,0.008099190080991902,False,0.0,0.06255244844008624,False,False,1.6772496027624555,False,False,0.051632336766323374
SAINT,XGBoost,40,66,106,-0.01798100149917468,-0.019025809102175592,-0.01863154208217525,-0.0006505405830005695,-0.01806707936663848,0.01793279175605962,0.9438056194380562,False,0.0377,0.01798100149917468,False,False,1.0361793297792912,False,False,0.956407670491229
STG,SVM,65,77,142,-0.03313496327697315,-0.023604245005674526,-0.02796689773549432,0.00516806554147883,-0.007837227846260432,0.018953514559076862,0.43995600439956006,False,0.0,0.02796689773549432,False,False,0.8440298394695873,False,False,0.6027870427242991
STG,TabNet,70,93,163,-0.03129601227687024,-0.002509024883790253,-0.014871534807198838,0.016424477469671402,-0.001625955453598687,0.03476928237776382,0.0770922907709229,False,0.0336,0.014871534807198838,False,False,0.4751894482796409,False,False,0.21445673614456734
STG,VIME,68,90,158,0.03294605057857151,0.08378145161380018,0.06190292458598025,0.02895687400740874,0.004481717858369217,0.05281252101956043,0.0201979802019798,False,0.0092,0.03294605057857151,False,False,1.8789179127358782,False,False,0.09179082091790822
STG,XGBoost,70,93,163,-0.050800149022118365,-0.07514477850626618,-0.0646900296480432,-0.013889880625924833,-0.03138194239452178,0.004098114988615316,0.12908709129087093,False,0.0,0.050800149022118365,False,False,1.2734220448817422,False,False,0.2831264818723607
SVM,TabNet,65,77,142,0.006417898653103868,0.04113090008328139,0.0252411459074959,0.018823247254392033,0.0020108959063275095,0.034397207048717314,0.022297770222977704,False,0.1024,0.006417898653103868,False,False,3.9329299622530822,False,False,0.09747310983187396
SVM,VIME,65,76,141,0.05643596842475994,0.11176590723124084,0.08625919785236669,0.02982322942760675,0.007238004584036258,0.05405257306213097,0.015498450154984501,False,0.0,0.05643596842475994,False,False,1.5284436549957832,False,False,0.07904209579042096
SVM,XGBoost,65,78,143,-0.01434395950279005,-0.036372262614242146,-0.026359397563582104,-0.012015438060792053,-0.02738174339990481,0.002288627214784216,0.11298870112988701,False,0.0163,0.01434395950279005,False,False,1.8376653641872682,False,False,0.2701136136386361
TabNet,VIME,69,92,161,0.062120193168465385,0.08011876125133219,0.07240508921581784,0.010284896047352457,-0.015766044109843294,0.03677357789021821,0.44125587441255876,False,0.0,0.062120193168465385,False,False,1.1655644569465613,False,False,0.6027870427242991
TabNet,XGBoost,71,95,166,-0.019294647476598092,-0.07221863068886926,-0.049582469194464115,-0.030287821717866023,-0.043595099447155804,-0.017199472470993855,9.999000099990002e-05,False,0.0001,0.019294647476598092,False,False,2.5697525313484597,False,False,0.0038246175382461757
VIME,XGBoost,69,93,162,-0.08167489944010636,-0.1603232099403079,-0.12682485546799985,-0.045149956027893484,-0.0729172538529289,-0.015983633259512093,0.0015998400159984002,False,0.0,0.08167489944010636,False,False,1.5528008768593922,False,False,0.020397960203979604
