outside_task_id,nn_distance_to_cc18
9956,8.508166387356415
168332,8.361233515698103
189354,7.992304059051624
146024,7.613439817651647
168338,5.150135694797243
168337,4.899671791110445
168340,4.611133528203778
5,3.819156571142371
9965,3.547974883379653
9974,2.660232620327235
168909,2.5709477231663995
9945,2.4644130666236106
7,2.218706288526746
168908,2.1175581433787447
2068,1.834116693627998
360948,1.6697094038365625
168335,1.525584852796532
146212,1.5220386838986832
146032,1.45310061971253
3566,1.3871071482979227
4,1.3449014403713226
30,1.3064639396165159
168331,1.291219330932875
168911,1.2111522845142464
2076,1.2055243106371885
3952,1.2055243106371885
168330,1.1904369298500457
168868,1.1901705712144597
3889,1.1331089625696456
41,1.1306743741208192
10,1.1197833520221148
35,1.0964181166255755
39,1.0319860215601846
3891,0.9819037333249127
3567,0.94279582813574
59,0.9327125863132303
47,0.8994526333170954
168910,0.8900661276727042
3485,0.737443114079377
190410,0.7255862334272164
2867,0.705705126570493
9,0.7024651937567998
145847,0.6204596763451478
3512,0.5888330066394323
9979,0.5873466229230331
146607,0.5488328763145931
190408,0.5352372057426442
145977,0.5221590166231209
34539,0.509975790478881
145793,0.5031562011529387
54,0.4906336259595931
9892,0.48545747169984466
168912,0.45038423836261526
3735,0.4497507274774377
146210,0.44623934567777523
3897,0.42191444282657214
167211,0.4068938267944648
3602,0.4035856149697774
3510,0.3863620903271331
146063,0.378920381317974
9984,0.3766881228914982
14964,0.369767622972941
3954,0.3349525089351375
146206,0.3349525089351375
3896,0.31969606007532303
3686,0.31460409619372687
9987,0.30504165842742575
9986,0.30404436056155765
145984,0.29769270108533186
3953,0.293524083613695
3950,0.2862055182121511
40,0.26202332760255115
3647,0.26169737567437956
24,0.26084100970147
3711,0.2583100000472234
25,0.2560021050231859
125921,0.2510014585601122
14951,0.24996630914793802
146606,0.24159584659072433
3620,0.22389971550240123
42,0.22202519535619833
10089,0.20047625115272028
3797,0.19791749221755103
146192,0.19741411653832036
3731,0.1906970220701975
3739,0.18467273830772665
3779,0.18449827124860674
9899,0.17933719773953694
48,0.1708484274804731
50,0.16964906086766224
27,0.1549461616078547
3748,0.15487147387900285
3561,0.12228608337490696
3540,0.10612521704291714
145799,0.09352791911179303
14967,0.08481863034035682
3543,0.06354712771378997
146065,0.05626752982324299
146818,0.01429165165754535
145836,0.0
