feature,n_cc18,n_outside,mean_cc18,mean_outside,smd,abs_smd,ks_stat,ks_p,wasserstein_std,outside_below_cc18_min,outside_above_cc18_max,outside_beyond_cc18_range_fraction,ks_q_bh
f__pymfe.general.nr_bin,71,100,51.394366197183096,6.58,0.3085606494852073,0.3085606494852073,0.13788732394366196,0.36591458260957227,0.3111068043845556,0,0,0.0,0.8605382610259384
f__pymfe.general.total_num_instances,71,100,11024.304577464789,24086.89375,-0.23606296531513218,0.23606296531513218,0.3659154929577465,1.781983450535237e-05,0.25512030463241686,35,7,0.42,0.014282597356039924
f__pymfe.general.freq_class.max,71,100,0.47699383928319317,0.5395649942967967,-0.23569226756188064,0.23569226756188064,0.21943661971830986,0.029925772348146498,0.26304995486094035,1,3,0.04,0.3354616298886632
f__pymfe.general.attr_to_inst,71,100,0.06179553862704436,0.10105209668190024,-0.1804346603996875,0.1804346603996875,0.1687323943661972,0.16328451519453777,0.21167260968680837,4,1,0.05,0.6593075008988515
f__pymfe.general.cat_to_num,63,83,8.64950317205534,1.1424044695864475,0.17482664686729554,0.17482664686729554,0.17154331612162937,0.21056211108456457,0.18879150685092155,0,0,0.0,0.7258732560614128
f__pymfe.general.nr_cat,71,100,29.04225352112676,8.7,0.1693833923968598,0.1693833923968598,0.186056338028169,0.0965400604395077,0.1943198255293224,0,0,0.0,0.5193077747803049
f__pymfe.general.freq_class.mean,71,100,0.331651173552582,0.35887642678958465,-0.15267369738522596,0.15267369738522596,0.08704225352112677,0.8757048416410067,0.18236731544401066,1,0,0.01,1.0
f__pymfe.general.freq_class.range,71,100,0.28365985028046,0.3249735391902109,-0.14833954810038377,0.14833954810038377,0.19211267605633803,0.07895956031761525,0.16981766403850987,0,4,0.04,0.49249873614450296
f__pymfe.general.freq_class.min,71,100,0.19331766670918563,0.21468497689064925,-0.13303443274046084,0.13303443274046084,0.25,0.008761266487041433,0.3588342948226808,25,0,0.25,0.17127207535033437
f__pymfe.general.nr_num,71,100,154.71830985915494,241.06,-0.10925265242551624,0.10925265242551624,0.2415492957746479,0.012567059848548688,0.16929599060791944,0,3,0.03,0.19004714091720326
f__pymfe.general.freq_class.median,71,100,0.32793209775617516,0.34576940769592207,-0.09358997144107424,0.09358997144107424,0.15183098591549296,0.25894561958435386,0.18396794304417713,12,0,0.12,0.7896999803095746
f__pymfe.general.nr_attr,71,100,183.7605633802817,249.76,-0.08290088795246243,0.08290088795246243,0.21647887323943663,0.03376443314875011,0.16628469772816384,8,3,0.11,0.35084167237425995
f__pymfe.general.nr_class,71,100,5.112676056338028,5.65,-0.06151602472511636,0.06151602472511636,0.08704225352112677,0.8757048416410067,0.20776746654888856,0,1,0.01,1.0
