algorithm_a,algorithm_b,feature,n,spearman_rho,spearman_p,spearman_q_bh_within_pair
DecisionTree,MLP-rtdl,f__pymfe.general.attr_to_inst,171,-0.14090420904462675,0.06602866414306896,0.1430621056433161
DecisionTree,MLP-rtdl,f__pymfe.general.cat_to_num,146,0.17194665311631774,0.037962142115333025,0.09870156949986586
DecisionTree,MLP-rtdl,f__pymfe.general.freq_class.max,171,0.19743675464753413,0.009641895274150221,0.04178154618798429
DecisionTree,MLP-rtdl,f__pymfe.general.freq_class.mean,171,0.09228051174445313,0.22996980979613182,0.3321786141499682
DecisionTree,MLP-rtdl,f__pymfe.general.freq_class.median,171,0.04894113940506037,0.5249879871565308,0.5687369860862418
DecisionTree,MLP-rtdl,f__pymfe.general.freq_class.min,171,-0.05565719552056491,0.4696585455854102,0.5550510084191211
DecisionTree,MLP-rtdl,f__pymfe.general.freq_class.range,171,0.24710438507248614,0.0011208668788156586,0.014571269424603562
DecisionTree,MLP-rtdl,f__pymfe.general.nr_attr,171,-0.21407402080611349,0.0049308419098915745,0.032050472414295234
DecisionTree,MLP-rtdl,f__pymfe.general.nr_bin,171,0.03852286875888981,0.6169041353461925,0.6169041353461926
DecisionTree,MLP-rtdl,f__pymfe.general.nr_cat,171,0.12205458558027907,0.11176361583083969,0.20756100082870227
DecisionTree,MLP-rtdl,f__pymfe.general.nr_class,171,-0.09403102245182327,0.22121309586481736,0.3321786141499682
DecisionTree,MLP-rtdl,f__pymfe.general.total_num_instances,171,-0.05611711609787531,0.4659901050016706,0.5550510084191211
DecisionTree,MLP-rtdl,f__pymfe.general.nr_num,171,-0.1711973914444019,0.02516690446072989,0.08179243949737214
DecisionTree,TabNet,f__pymfe.general.attr_to_inst,166,0.20469731750948564,0.008157399805383804,0.00883718312249912
DecisionTree,TabNet,f__pymfe.general.cat_to_num,141,0.4467530600109172,2.807241572114501e-08,9.123535109372128e-08
DecisionTree,TabNet,f__pymfe.general.freq_class.max,166,0.3969870316442442,1.1874724648682336e-07,3.087428408657407e-07
DecisionTree,TabNet,f__pymfe.general.freq_class.mean,166,0.41889296313183266,1.9457716998205237e-08,8.431677365888936e-08
DecisionTree,TabNet,f__pymfe.general.freq_class.median,166,0.38103017749979995,4.0945842755221844e-07,8.871599263631399e-07
DecisionTree,TabNet,f__pymfe.general.freq_class.min,166,0.26483249205926457,0.0005645008054835255,0.0006671373155714391
DecisionTree,TabNet,f__pymfe.general.freq_class.range,166,0.2793977214903367,0.0002669152838668546,0.000346989869026911
DecisionTree,TabNet,f__pymfe.general.nr_attr,166,-0.35721973772353155,2.3067880601543476e-06,3.7485305977508148e-06
DecisionTree,TabNet,f__pymfe.general.nr_bin,166,0.17462252983846482,0.02443810916054612,0.02443810916054612
DecisionTree,TabNet,f__pymfe.general.nr_cat,166,0.31945137146892466,2.726311784094872e-05,3.938005910359259e-05
DecisionTree,TabNet,f__pymfe.general.nr_class,166,-0.42158175582956486,1.5443339153523948e-08,8.431677365888936e-08
DecisionTree,TabNet,f__pymfe.general.total_num_instances,166,-0.5513998101777899,1.3753504518866643e-14,1.7879555874526637e-13
DecisionTree,TabNet,f__pymfe.general.nr_num,166,-0.36697663206875847,1.1550500964230123e-06,2.1450930362141657e-06
NODE,RandomForest,f__pymfe.general.attr_to_inst,137,0.025615446275276194,0.7663728132236035,0.9006809952618553
NODE,RandomForest,f__pymfe.general.cat_to_num,116,-0.026482361514837568,0.7778021348313505,0.9006809952618553
NODE,RandomForest,f__pymfe.general.freq_class.max,137,-0.014641449042900696,0.8651574919472411,0.9006809952618553
NODE,RandomForest,f__pymfe.general.freq_class.mean,137,0.01710829843515732,0.8427108171633587,0.9006809952618553
NODE,RandomForest,f__pymfe.general.freq_class.median,137,0.031024318171460837,0.7189295699327697,0.9006809952618553
NODE,RandomForest,f__pymfe.general.freq_class.min,137,0.059886653704003444,0.4869569133071338,0.9006809952618553
NODE,RandomForest,f__pymfe.general.freq_class.range,137,-0.0802354859856982,0.351320441557754,0.9006809952618553
NODE,RandomForest,f__pymfe.general.nr_attr,137,0.09258860226230037,0.2818800717880363,0.9006809952618553
NODE,RandomForest,f__pymfe.general.nr_bin,137,-0.06551767850041194,0.44686252812437316,0.9006809952618553
NODE,RandomForest,f__pymfe.general.nr_cat,137,0.07995656571645106,0.3530027520529236,0.9006809952618553
NODE,RandomForest,f__pymfe.general.nr_class,137,-0.01832715599851988,0.8316653350391965,0.9006809952618553
NODE,RandomForest,f__pymfe.general.total_num_instances,137,0.010760768381092689,0.9006809952618553,0.9006809952618553
NODE,RandomForest,f__pymfe.general.nr_num,137,-0.03154225049082352,0.7144390409065485,0.9006809952618553
NODE,SAINT,f__pymfe.general.attr_to_inst,92,-0.07972561609479341,0.4499793805680897,0.5317938133986515
NODE,SAINT,f__pymfe.general.cat_to_num,74,-0.2940914462049053,0.010980687407633822,0.04758297876641323
NODE,SAINT,f__pymfe.general.freq_class.max,92,0.07132919423844278,0.4992485228499122,0.5408525664207383
NODE,SAINT,f__pymfe.general.freq_class.mean,92,0.22129501748412572,0.034012401452265674,0.06316588841135054
NODE,SAINT,f__pymfe.general.freq_class.median,92,0.22888265258095689,0.02819450600719443,0.06316588841135054
NODE,SAINT,f__pymfe.general.freq_class.min,92,0.2723289130795788,0.00863420734254337,0.04758297876641323
NODE,SAINT,f__pymfe.general.freq_class.range,92,-0.1529100301742062,0.14561920383095434,0.2366312062253008
NODE,SAINT,f__pymfe.general.nr_attr,92,-0.01208970163809744,0.9089373438726712,0.9089373438726712
NODE,SAINT,f__pymfe.general.nr_bin,92,-0.23513701700083547,0.024054823875591932,0.06316588841135054
NODE,SAINT,f__pymfe.general.nr_cat,92,-0.29318791096603253,0.0045636383618275975,0.04758297876641323
NODE,SAINT,f__pymfe.general.nr_class,92,-0.22381459961316386,0.03197771360338749,0.06316588841135054
NODE,SAINT,f__pymfe.general.total_num_instances,92,0.12213528631294576,0.24612564499144782,0.31996333848888214
NODE,SAINT,f__pymfe.general.nr_num,92,0.14559349543001632,0.16611941920966028,0.2399502721917315
SAINT,SVM,f__pymfe.general.attr_to_inst,97,-0.1881032533306517,0.06502404222973147,0.12075893556950132
SAINT,SVM,f__pymfe.general.cat_to_num,77,0.437396173826634,6.958739452601313e-05,0.0009046361288381707
SAINT,SVM,f__pymfe.general.freq_class.max,97,0.12984314574858566,0.20493996780879967,0.3330274476892995
SAINT,SVM,f__pymfe.general.freq_class.mean,97,0.07174903075988359,0.4849357460829334,0.6198381130297309
SAINT,SVM,f__pymfe.general.freq_class.median,97,0.06540104493453103,0.5244784033328492,0.6198381130297309
SAINT,SVM,f__pymfe.general.freq_class.min,97,-0.035907905957007456,0.7269542686816907,0.7875337910718315
SAINT,SVM,f__pymfe.general.freq_class.range,97,0.21606263312334323,0.033539990901572336,0.08720397634408808
SAINT,SVM,f__pymfe.general.nr_attr,97,-0.1997309195996671,0.04982869279076209,0.10796216771331786
SAINT,SVM,f__pymfe.general.nr_bin,97,0.23338167333411625,0.0214135356026576,0.0695939907086372
SAINT,SVM,f__pymfe.general.nr_cat,97,0.3607600614689292,0.00028335808511777616,0.0012516757615615097
SAINT,SVM,f__pymfe.general.nr_class,97,-0.0702560045011177,0.494090744153471,0.6198381130297309
SAINT,SVM,f__pymfe.general.total_num_instances,97,0.003472039599919415,0.9730745772237682,0.9730745772237681
SAINT,SVM,f__pymfe.general.nr_num,97,-0.3603010066301124,0.0002888482526680407,0.0012516757615615097
