algorithm_a,algorithm_b,n_cc18_common,n_outside_common,eligible,delta_cc18,delta_outside,interaction_shift_out_minus_cc18,interaction_ci_lo,interaction_ci_hi,bootstrap_p,sign_reversal,bootstrap_prob_shift_positive,bootstrap_prob_shift_negative,cc18_sd,outside_sd,cc18_median,outside_median,bootstrap_q_bh
CatBoost,DANet,45,55,True,0.003094062978299213,0.03114582447215335,0.028051761493854136,0.008521867324583121,0.04774841452934702,0.006199380061993801,False,0.9961,0.0039,0.027635705555989373,0.06855907553751793,0.002368429242787018,0.023076923076923106,0.03387518391018041
CatBoost,DecisionTree,45,55,True,0.0412111742029325,0.030473078658884933,-0.010738095544047567,-0.02661473997556233,0.0043654671628404265,0.17498250174982502,False,0.0856,0.9144,0.04422765921570559,0.03422754140917105,0.027341079972659,0.030000000000000027,0.3770749685594821
CatBoost,FTTransformer,45,55,True,0.01283497651990549,0.025627844386933826,0.012792867867028336,-0.012588148650728687,0.036988260774706724,0.3030696930306969,False,0.8476,0.1524,0.05343483875925547,0.07377084580855059,0.00473063396719664,0.010081481054935004,0.5329846325712255
CatBoost,KNN,45,55,True,0.05664340928391278,0.0926899579517039,0.03604654866779112,-0.0015249540515854848,0.07559151367318982,0.06819318068193181,False,0.9683,0.0317,0.08036363495960394,0.1167443900034581,0.019512578616352028,0.052941176470588214,0.19685955932708618
CatBoost,LightGBM,45,55,True,0.0016839264455546664,0.023751939718183814,0.02206801327262915,0.011158189372909022,0.033519126224509296,0.0004999500049995,False,1.0,0.0,0.0135386303399475,0.04056009051569024,0.0005999999999999339,0.008000000000000007,0.0084991500849915
CatBoost,LinearModel,45,55,True,0.06780302699841807,0.07265242095339766,0.004849393954979589,-0.04464776465921593,0.054881892398551714,0.8462153784621538,False,0.571,0.429,0.09887969889598734,0.15398801585051328,0.026954635480524236,0.0275903012123484,0.9381953109036921
CatBoost,MLP,45,55,True,0.056197215354223416,0.06702363479591635,0.010826419441692929,-0.0327903892948613,0.05439428582828815,0.6156384361563844,False,0.6837,0.3163,0.098556388647583,0.1227939198615112,0.020020703933747552,0.03076923076923077,0.8289355274998816
CatBoost,MLP-rtdl,45,55,True,0.04435550680362907,0.05903922612189394,0.01468371931826487,-0.03674990370532303,0.06395702499452781,0.5672432756724327,False,0.7162,0.2838,0.125169023727377,0.13231429352547017,0.0050000000000001155,0.01538461538461533,0.7962222126411211
CatBoost,NODE,45,55,True,0.0062266909395628485,0.03718786348468559,0.030961172545122744,0.010364994991597244,0.05305103274890477,0.0035996400359964,False,0.9989,0.0011,0.03841997334308203,0.0701889909405931,0.0009384796238244286,0.013999999999999901,0.023585141485851415
CatBoost,RandomForest,45,55,True,0.006960598323368326,0.020190408286140955,0.013229809962772628,-0.0006630836536713619,0.030892892799961193,0.09569043095690431,False,0.9687,0.0313,0.01105995836667119,0.05911924484345477,0.004274430151207542,0.005691230275414738,0.23786653592705245
CatBoost,ResNet,45,55,True,0.00893800980878358,0.01690464895300048,0.007966639144216898,-0.014789208957742894,0.02850986494930486,0.46525347465253475,False,0.7686,0.2314,0.05114995601533279,0.060336415768274365,0.004075235109717856,0.011853832442067835,0.7084825498032722
CatBoost,SAINT,45,55,True,0.018783256261824085,0.013246417451156628,-0.005536838810667457,-0.028999386688382308,0.014728201879229479,0.6176382361763824,False,0.3197,0.6803,0.06671023459657638,0.04062105117166801,0.004776795360017183,0.004280688868095517,0.8289355274998816
CatBoost,STG,45,55,True,0.04569661705336341,0.052970382267256415,0.007273765213893002,-0.030253874972566416,0.04370453456160102,0.6956304369563043,False,0.6571,0.3429,0.10016620651477937,0.08541135382786533,0.008472596585804126,0.024112853326033856,0.8651748461517484
CatBoost,SVM,45,55,True,0.007972842919491853,0.0359390997946238,0.027966256875131948,-0.0024886418485272686,0.06008326829840361,0.0766923307669233,False,0.965,0.035,0.054611769055852924,0.10236496359798666,0.005405405405405461,0.018000000000000016,0.2133441201334412
CatBoost,TabNet,45,55,True,0.015187720284976095,0.09242340188974119,0.07723568160476509,0.04600471723496625,0.11081571782505596,9.999000099990002e-05,False,1.0,0.0,0.0384162766642208,0.11610666885497403,0.008542089821710674,0.03582887700534754,0.0038246175382461757
CatBoost,VIME,45,55,True,0.0735560053368309,0.15274777280814425,0.07919176747131335,0.027836323719469463,0.1309564355728657,0.0026997300269973002,False,0.9989,0.0011,0.11256571527028261,0.15385394098347524,0.02485486211901322,0.09999999999999998,0.022182781721827815
CatBoost,XGBoost,45,55,True,-3.244692909582514e-05,0.0072021082458080116,0.007234555174903836,-0.000862896383840079,0.015278648195246047,0.07989201079892011,True,0.9589,0.0411,0.014600497211627508,0.026184634807090174,0.00039214465780701424,0.0024913554633474444,0.2144469763549961
DANet,DecisionTree,45,55,True,0.038117111224633286,-0.0006727458132684141,-0.0387898570379017,-0.06437440946236736,-0.013906495329799639,0.0030996900309969004,True,0.0013,0.9987,0.06056732819086088,0.06860329634746078,0.017380261248185702,-0.00019607843137259273,0.022583455940120272
DANet,FTTransformer,45,55,True,0.009740913541606276,-0.005517980085219521,-0.015258893626825797,-0.03924754380394823,0.0072536489048605724,0.1934806519348065,True,0.0916,0.9084,0.04668823405178923,0.07076005240258647,1.4005602240629855e-05,-0.004112554112554179,0.402308417806868
DANet,KNN,45,55,True,0.05354934630561356,0.06154413347955055,0.007994787173936993,-0.02664203520564414,0.044120154395264684,0.6595340465953404,False,0.6634,0.3366,0.07318892587004741,0.1103447497740994,0.019499999999999962,0.026648841354723785,0.8651748461517484
DANet,LightGBM,45,55,True,-0.0014101365327445468,-0.007393884753969538,-0.005983748221224991,-0.024254301308748605,0.012018861458796755,0.5187481251874813,False,0.2601,0.7399,0.025443188381431583,0.06359724750198274,-0.0011392660303802815,-0.003383270911360814,0.7487590863555154
DANet,LinearModel,45,55,True,0.06470896402011887,0.04150659648124429,-0.023202367538874585,-0.06693926180790703,0.019962996238652546,0.293970602939706,False,0.1436,0.8564,0.10034971139654923,0.1215629992808491,0.021300575308874636,0.004347826086956497,0.5229942122066863
DANet,MLP,45,55,True,0.053103152375924195,0.035877810323763,-0.017225342052161197,-0.054153701486767826,0.017682070121515955,0.35496450354964504,False,0.1813,0.8187,0.09323222717112471,0.09165578488879773,0.009954863461972496,0.006396535849157559,0.5839738606784483
DANet,MLP-rtdl,45,55,True,0.041261443825329855,0.027893401649740596,-0.013368042175589259,-0.06279797417673848,0.03239050822321375,0.5776422357764224,False,0.2895,0.7105,0.12154733193585235,0.12149815559815615,0.0035854341736694106,0.0,0.8034478370344783
DANet,NODE,45,55,True,0.0031326279612636353,0.006042039012532231,0.002909411051268596,-0.01393685830612008,0.020342008343434366,0.7341265873412659,False,0.6316,0.3684,0.030646756443607037,0.05568721021103551,-0.0006053459119496063,-0.0013638662804064117,0.8651748461517484
DANet,RandomForest,45,55,True,0.0038665353450691134,-0.010955416186012396,-0.014821951531081509,-0.03364692861765022,0.003651303148797116,0.1161883811618838,True,0.056,0.944,0.02841935617287962,0.06258771028184358,0.004741593319792403,-0.006521739130434856,0.26934579269345793
DANet,ResNet,45,55,True,0.005843946830484366,-0.014241175519152872,-0.02008512234963724,-0.039943540318108275,-0.0023544838327197028,0.037396260373962605,True,0.0133,0.9867,0.04048983847421079,0.055641988682270174,-0.00020532826856967112,-0.00803573432695115,0.13003699630036997
DANet,SAINT,45,55,True,0.015689193283524874,-0.01789940702099672,-0.0335886003045216,-0.06316154339485451,-0.007583240583326759,0.019598040195980403,True,0.0053,0.9947,0.07160272651084358,0.06900651567601092,-0.00018091365075711963,-0.011054868141482266,0.08567143285671433
DANet,STG,45,55,True,0.04260255407506419,0.02182455779510306,-0.02077799627996113,-0.053886231176854815,0.009661394422588482,0.19458054194580543,False,0.0916,0.9084,0.09206977728636036,0.06803925513776582,0.01111111111111085,0.007121125181814736,0.402308417806868
DANet,SVM,45,55,True,0.004878779941192641,0.004793275322470449,-8.550461872219167e-05,-0.019751962987066732,0.02008281650259513,0.9927007299270073,False,0.4896,0.5104,0.03877880436641603,0.06395333733542069,0.0010330578512395272,-0.004999999999999893,0.9978002199780022
DANet,TabNet,45,55,True,0.01209365730667688,0.06127757741758783,0.04918392011091095,0.021937735994191028,0.07732164339334793,0.0010998900109989002,False,0.9996,0.0004,0.02538745414508997,0.1023568012909269,0.0040000000000000036,0.019069069069069244,0.012944859360217827
DANet,VIME,45,55,True,0.07046194235853169,0.12160194833599092,0.05114000597745923,0.0013614484417396049,0.0995554213833982,0.04129587041295871,False,0.9783,0.0217,0.11135454772368761,0.14074647297308945,0.018469827586206855,0.09870967741935499,0.13801880681497067
DANet,XGBoost,45,55,True,-0.0031265099073950384,-0.023943716226345342,-0.020817206318950305,-0.04099169066350134,-0.0019328507158961087,0.03519648035196481,False,0.0142,0.9858,0.029642506103967316,0.06767186995824787,-0.0019762845849800037,-0.008258258258258211,0.12523398822908408
DecisionTree,FTTransformer,45,55,True,-0.028376197683027012,-0.004845234271951106,0.023530963411075904,-0.004082992698165177,0.05039374457509639,0.09379062093790622,False,0.9521,0.0479,0.06949000522138066,0.07278917262995044,-0.016026658203744826,0.0,0.23786653592705245
DecisionTree,KNN,45,55,True,0.015432235080980284,0.062216879292818945,0.04678464421183866,0.006190961547380219,0.08994917570118569,0.028397160283971604,False,0.9882,0.0118,0.09251936203523832,0.12285920577489465,-0.0004761904761905189,0.017487684729063924,0.10783555790762386
DecisionTree,LightGBM,45,55,True,-0.03952724775737784,-0.006721138940701123,0.03280610881667672,0.014929661076164676,0.05112039506892135,0.0005999400059994001,False,0.9999,0.0001,0.04743099273392756,0.043907156281818176,-0.020241295873101084,-0.008333333333333415,0.009179082091790821
DecisionTree,LinearModel,45,55,True,0.026591852795485583,0.042179342294512714,0.015587489499027132,-0.0362790110635418,0.06740395300251943,0.5608439156084392,False,0.7168,0.2832,0.10436285176700676,0.1597724894648437,0.0028481155495373445,0.0,0.7945288804452888
DecisionTree,MLP,45,55,True,0.014986041151290914,0.03655055613703141,0.021564514985740496,-0.022947493355970943,0.06603057589534357,0.3370662933706629,False,0.8305,0.1695,0.10402367523744299,0.1251898805658235,-0.0022971189164370243,0.0033333333333334103,0.566043395660434
DecisionTree,MLP-rtdl,45,55,True,0.003144332600696568,0.028566147463009006,0.025421814862312438,-0.027884290607322473,0.07681794526717356,0.34036596340365965,False,0.8325,0.1675,0.13405500204923815,0.13581145455806007,-0.00861283643892341,0.0,0.566043395660434
DecisionTree,NODE,45,55,True,-0.034984483263369656,0.0067147848258006446,0.0416992680891703,0.015749913950944466,0.06844071817584076,0.0015998400159984002,True,0.9992,0.0008,0.0635209063048536,0.07312648852201864,-0.01909194784245205,-0.0007843137254901489,0.01631836816318368
DecisionTree,RandomForest,45,55,True,-0.03425057587956418,-0.01028267037274398,0.023967905506820195,0.004769748593664872,0.045859019983347286,0.022497750224977502,False,0.9941,0.0059,0.04432371929355438,0.06197849453976098,-0.019548872180451204,-0.015061548181877549,0.09561543845615439
DecisionTree,ResNet,45,55,True,-0.03227316439414892,-0.013568429705884455,0.018704734688264467,-0.007793675299844354,0.04540963471276798,0.16628337166283372,False,0.9177,0.0823,0.07294737172822428,0.06020449059246541,-0.016026658203744826,-0.014722638680659483,0.3682560315397032
DecisionTree,SAINT,45,55,True,-0.022427917941108422,-0.017226661207728304,0.005201256733380118,-0.02070343598202584,0.03054803573745461,0.6898310168983102,False,0.6578,0.3422,0.08007688426379758,0.04475970783333049,-0.013892405063291202,-0.02083333333333337,0.8651748461517484
DecisionTree,STG,45,55,True,0.00448544285043091,0.022497303608371474,0.018011860757940566,-0.02093770500343166,0.056723855084428045,0.3621637836216378,False,0.8162,0.1838,0.10879741395605598,0.0829386635756569,-0.0006269592476489949,0.0017647058823530015,0.5894793499373467
DecisionTree,SVM,45,55,True,-0.03323833128344065,0.005466021135738863,0.03870435241917951,0.004735403530267447,0.07341347193015317,0.029697030296970302,True,0.9864,0.0136,0.07933172023902108,0.10040787340197432,-0.01291925465838517,-0.009040201117820001,0.10818203893896323
DecisionTree,TabNet,45,55,True,-0.026023453917956414,0.06195032323085625,0.08797377714881266,0.055409258919367814,0.12275602272211825,9.999000099990002e-05,True,1.0,0.0,0.06078581189882697,0.10883266344012966,-0.01331519134661463,0.020289855072463836,0.0038246175382461757
DecisionTree,VIME,45,55,True,0.03234483113389841,0.12227469414925934,0.08992986301536093,0.037010611607562124,0.14221706726684247,0.0007999200079992001,False,1.0,0.0,0.1163900029598364,0.1571456444522808,0.0018018018018017834,0.08115942028985523,0.011126160111261602
DecisionTree,XGBoost,45,55,True,-0.041243621132028334,-0.02327097041307693,0.017972650718951405,0.0024506636656811288,0.0340956932701114,0.0263973602639736,False,0.9883,0.0117,0.04402724325879549,0.03608968344431706,-0.02460458380041408,-0.01984126984126977,0.10783555790762386
FTTransformer,KNN,45,55,True,0.04380843276400729,0.06706211356477007,0.02325368080076278,-0.013370168273231398,0.06236630594611313,0.2268773122687731,False,0.8882,0.1118,0.0629848725643292,0.12279370643485558,0.019449240260855927,0.0354658113762818,0.44423658899932794
FTTransformer,LightGBM,45,55,True,-0.011151050074350823,-0.001875904668750016,0.009275145405600807,-0.01567786174619596,0.03553636715495288,0.47695230476952305,False,0.7614,0.2386,0.05412960738020692,0.07745419773424683,-0.0028985507246377384,0.0007381588594211896,0.7084825498032722
FTTransformer,LinearModel,45,55,True,0.0549680504785126,0.04702457656646382,-0.007943473912048783,-0.05270724699303884,0.038210137266098974,0.7429257074292571,False,0.3634,0.6366,0.08983737689137544,0.14489729517377165,0.024996227482787847,0.01038584992480529,0.8651748461517484
FTTransformer,MLP,45,55,True,0.043362238834317925,0.04139579040898252,-0.0019664484253354014,-0.03550031229676668,0.03278817941166705,0.9076092390760924,False,0.4421,0.5579,0.06789415596413129,0.10453670166593446,0.01121835443037969,0.01666666666666683,0.9704050142930912
FTTransformer,MLP-rtdl,45,55,True,0.031520530283723584,0.033411381734960124,0.0018908514512365401,-0.03773144013115648,0.04018898625834007,0.9233076692330767,False,0.5396,0.4604,0.0966722172224592,0.1055957447358289,0.003571428571428781,0.003461048237397457,0.9704050142930912
FTTransformer,NODE,45,55,True,-0.006608285580342642,0.011560019097751752,0.018168304678094396,-0.003457614692536583,0.04153004966993385,0.11478852114788521,True,0.9475,0.0525,0.023983046837340163,0.0824103022123545,-0.0019230769230769162,0.0,0.26934579269345793
FTTransformer,RandomForest,45,55,True,-0.005874378196537163,-0.0054374361007928735,0.0004369420957442893,-0.027644713482640835,0.030095063124471008,0.977002299770023,False,0.5006,0.4994,0.05246444972415451,0.09367659790758966,0.0,-0.004155319336952901,0.9899427275815464
FTTransformer,ResNet,45,55,True,-0.0038969667111219105,-0.008723195433933349,-0.004826228722811438,-0.021623811389266123,0.01110202920488211,0.5604439556044396,False,0.2903,0.7097,0.024274321114271125,0.05667437718380153,-0.001052631578947416,0.0,0.7945288804452888
FTTransformer,SAINT,45,55,True,0.005948279741918595,-0.0123814269357772,-0.018329706677695796,-0.04459762201750197,0.007261769227667219,0.16468353164683533,True,0.08,0.92,0.06455533309494066,0.06804493240344214,0.0,-0.005202312138728349,0.3682560315397032
FTTransformer,STG,45,55,True,0.03286164053345792,0.027342537880322586,-0.0055191026531353354,-0.039181795885501726,0.02581207707753687,0.7342265773422658,False,0.3713,0.6287,0.07135839695800951,0.09365446741684294,0.009509803921568749,0.005330330330330035,0.8651748461517484
FTTransformer,SVM,45,55,True,-0.004862133600413636,0.01031125540768997,0.015173389008103607,-0.009145120828705321,0.043636720804591134,0.25837416258374163,True,0.875,0.125,0.036039805562622235,0.092463891078789,0.0,0.0050000000000000044,0.47628008283509
FTTransformer,TabNet,45,55,True,0.0023527437650706045,0.06679555750280736,0.06444281373773675,0.032886988833390945,0.09779766190067314,0.00019998000199980003,False,0.9999,0.0001,0.051863234568277336,0.11005118243391397,0.005956112852664397,0.025793650793650813,0.005099490050994901
FTTransformer,VIME,45,55,True,0.060721028816925426,0.12711992842121042,0.066398899604285,0.019743082753147737,0.11234796898668183,0.003999600039996,False,0.9985,0.0015,0.09153980903265345,0.14550710499693512,0.026365202596248194,0.06714285714285717,0.02447755224477552
FTTransformer,XGBoost,45,55,True,-0.012867423449001315,-0.018425736141125817,-0.005558312692124503,-0.030860223314356314,0.020980232202891053,0.6808319168083191,False,0.3362,0.6638,0.05563841868470945,0.07835239668925609,-0.004338489309389626,-0.002601199400299792,0.8651748461517484
KNN,LightGBM,45,55,True,-0.0549594828383581,-0.06893801823352007,-0.013978535395161966,-0.05552862429702685,0.026403672467221556,0.49975002499750026,False,0.2493,0.7507,0.08257715207949679,0.1271907884006667,-0.020443978954775566,-0.03888888888888892,0.7352091713905533
KNN,LinearModel,45,55,True,0.011159617714505297,-0.020037536998306245,-0.031197154712811544,-0.0678789814532287,0.005080927621696933,0.0963903609639036,True,0.0462,0.9538,0.07830584104690336,0.10992256084346955,0.002702702702702786,-0.008333333333333304,0.23786653592705245
KNN,MLP,45,55,True,-0.0004461939296893702,-0.025666323155787547,-0.025220129226098176,-0.05732900497011913,0.006023390769504942,0.11548845115488451,False,0.0566,0.9434,0.06222176707987965,0.09890258377379163,-0.0014903565166569654,-0.019999999999999907,0.26934579269345793
KNN,MLP-rtdl,45,55,True,-0.012287902480283715,-0.033650731829809946,-0.02136282934952623,-0.059045841372557,0.01419622189530009,0.24537546245375463,False,0.122,0.878,0.0922714370147302,0.09392024571941937,-0.008533021624780757,-0.019999999999999796,0.46529737270175425
KNN,NODE,45,55,True,-0.050416718344349944,-0.05550209446701832,-0.005085376122668378,-0.03701409492935761,0.02616922247452923,0.7464253574642535,False,0.3812,0.6188,0.06664313228724114,0.09774758842729306,-0.018760958503798997,-0.028095238095238062,0.8651748461517484
KNN,RandomForest,45,55,True,-0.04968281096054446,-0.07249954966556292,-0.022816738705018463,-0.0635852944987958,0.01433578901898792,0.24937506249375063,False,0.1184,0.8816,0.07934540646974494,0.11777139643774015,-0.01970709247648883,-0.03760922166957936,0.46529737270175425
KNN,ResNet,45,55,True,-0.04770539947512921,-0.07578530899870342,-0.028079909523574212,-0.0636780231280118,0.006419074669719017,0.11588841115888411,False,0.0559,0.9441,0.0652504296134103,0.1120571496769585,-0.01573113207547161,-0.038580175822488294,0.26934579269345793
KNN,SAINT,45,55,True,-0.0378601530220887,-0.07944354050054725,-0.04158338747845855,-0.08366697119548971,-0.002477646324321087,0.044795520447955206,False,0.0183,0.9817,0.09576629163921903,0.11704662067801652,-0.017910778722394327,-0.04593596059113303,0.14278572142785723
KNN,STG,45,55,True,-0.010946792230549373,-0.03971957568444747,-0.028772783453898096,-0.06346374804006252,0.004442960870614403,0.0953904609539046,False,0.0449,0.9551,0.08979486824877068,0.08435134198442211,0.0007299270072992359,-0.011428571428571344,0.23786653592705245
KNN,SVM,45,55,True,-0.048670566364420936,-0.05675085815708009,-0.008080291792659157,-0.043720372867292856,0.02547036008931475,0.6464353564643536,False,0.3322,0.6678,0.0645849629428763,0.113217569871954,-0.021499999999999964,-0.029519815246519476,0.8600400829482269
KNN,TabNet,45,55,True,-0.04145568899893669,-0.0002665560619627113,0.041189132936973974,-0.003805480371801064,0.0847269273956717,0.06779322067793221,False,0.9648,0.0352,0.07610458969564075,0.14475564671097657,-0.010557644110275821,-5.005004377667266e-05,0.19685955932708618
KNN,VIME,45,55,True,0.016912596052918123,0.06005781485644037,0.04314521880352225,0.0005702939350146944,0.08599460209575013,0.047795220477952205,False,0.9764,0.0236,0.07499632062398878,0.1385362557146325,0.000500000000000056,0.0007843137254903709,0.1480891910808919
KNN,XGBoost,45,55,True,-0.05667585621300862,-0.08548784970589589,-0.028811993492887267,-0.06974233414070141,0.010810983979892129,0.1645835416458354,False,0.0798,0.9202,0.08422625373305531,0.12484462389990766,-0.020263228952730028,-0.043095238095238075,0.3682560315397032
LightGBM,LinearModel,45,55,True,0.06611910055286341,0.04890048123521384,-0.01721861931764957,-0.06853236885434545,0.03483463515411523,0.5149485051494851,False,0.2563,0.7437,0.10458222371696116,0.15948345147715734,0.020566839867737552,0.008686414198225245,0.7487590863555154
LightGBM,MLP,45,55,True,0.05451328890866876,0.04327169507773254,-0.011241593830936217,-0.05537709692151091,0.03497406132701985,0.6175382461753824,False,0.3095,0.6905,0.10066591750764219,0.1279244829377486,0.016018662519440285,0.006358166787101771,0.8289355274998816
LightGBM,MLP-rtdl,45,55,True,0.04267158035807441,0.035287286403710136,-0.007384293954364275,-0.05951381794715994,0.043446162425733785,0.7775222477752225,False,0.3984,0.6016,0.12581960046032592,0.14115800232011502,0.0051336715321648185,0.002702702702702453,0.8811918808119188
LightGBM,NODE,45,55,True,0.004542764494008182,0.013435923766501769,0.008893159272493588,-0.014777512822974865,0.033084883534524094,0.47665233476652336,False,0.7596,0.2404,0.03912962095016294,0.08121916399722372,0.0,0.006358166787101771,0.7084825498032722
LightGBM,RandomForest,45,55,True,0.0052766718778136604,-0.003561531432042858,-0.008838203309856518,-0.02475067665513737,0.010168704823267318,0.3157684231576842,True,0.1608,0.8392,0.013280600492520627,0.06533121715800233,0.0025000000000000577,-0.0021214420379822574,0.5428378510463561
LightGBM,ResNet,45,55,True,0.007254083363228913,-0.006847290765183334,-0.014101374128412246,-0.03771138662911405,0.008382727864968041,0.22647735226477353,True,0.1096,0.8904,0.052124503599300855,0.06497095827326571,-0.00011061456678496118,-0.0034782900927542437,0.44423658899932794
LightGBM,SAINT,45,55,True,0.01709932981626942,-0.010505522267027181,-0.0276048520832966,-0.05404500010035505,-0.004378911670658986,0.0282971702829717,True,0.0089,0.9911,0.06491687129271763,0.06052450896855901,0.0028985507246377384,-0.008000000000000007,0.10783555790762386
LightGBM,STG,45,55,True,0.04401269060780875,0.029218442549072597,-0.01479424805873615,-0.05232319981559028,0.021951489032423263,0.43385661433856615,False,0.217,0.783,0.09901711559366048,0.0914705849884317,0.011594202898550732,0.007692307692307665,0.6846459683928515
LightGBM,SVM,45,55,True,0.006288916473937187,0.012187160076439985,0.005898243602502799,-0.0247112643003155,0.039379771905007306,0.7127287271272873,False,0.6356,0.3644,0.05540051624961213,0.103776929631548,0.0015779154087951497,0.002875329236172064,0.8651748461517484
LightGBM,TabNet,45,55,True,0.013503793839421428,0.06867146217155738,0.055167668332135954,0.027322715289738415,0.08664229393100617,0.0004999500049995,False,1.0,0.0,0.0343830906407324,0.1059060831872485,0.005879570913078003,0.025793650793650813,0.0084991500849915
LightGBM,VIME,45,55,True,0.07187207889127625,0.12899583308996046,0.05712375419868421,0.005491729249276229,0.10895655257274577,0.028897110288971104,False,0.9859,0.0141,0.11667979388372417,0.15045244704752286,0.025082383737555447,0.0859309168911564,0.10783555790762386
LightGBM,XGBoost,45,55,True,-0.0017163733746504916,-0.0165498314723758,-0.014833458097725308,-0.024973470883770305,-0.005488066962780307,0.0028997100289971,False,0.0004,0.9996,0.011226316616793882,0.03577303357923681,-0.0010000000000000009,-0.002777777777777657,0.022182781721827815
LinearModel,MLP,45,55,True,-0.01160581164419467,-0.005628786157481309,0.005977025486713362,-0.02861288030781735,0.03960449606163947,0.7316268373162683,False,0.6288,0.3712,0.07259688881704664,0.10052689785445022,-0.004775237533858445,0.0,0.8651748461517484
LinearModel,MLP-rtdl,45,55,True,-0.023447520194789018,-0.013613194831503708,0.00983432536328531,-0.03993239530556363,0.057487392644284326,0.690930906909309,False,0.6653,0.3347,0.11211859463204797,0.13671482794144332,-0.009499999999999842,0.0,0.8651748461517484
LinearModel,NODE,45,55,True,-0.061576336058855236,-0.03546455746871206,0.026111778590143173,-0.015888840653505907,0.06884285644549899,0.2293770622937706,False,0.8844,0.1156,0.09439122548070299,0.12514387108497177,-0.018824685534591268,-0.007246376811594346,0.44423658899932794
LinearModel,RandomForest,45,55,True,-0.06084242867504976,-0.0524620126672567,0.008380416007793066,-0.03732376168633361,0.054743466462833824,0.7168283171682832,False,0.6422,0.3578,0.10054217849760311,0.13208655781613823,-0.013801100628930807,-0.016666666666666607,0.8651748461517484
LinearModel,ResNet,45,55,True,-0.05886501718963451,-0.055747772000397156,0.0031172451892373526,-0.04193398269990087,0.04664993060900526,0.8954104589541045,False,0.5706,0.4294,0.08942020023161124,0.1382461330896923,-0.021521322530339337,-0.030229885057471373,0.9704050142930912
LinearModel,SAINT,45,55,True,-0.049019770736594,-0.05940600350224103,-0.010386232765647034,-0.06490569259662639,0.04420007122120678,0.6976302369763023,False,0.3527,0.6473,0.12303160707179436,0.15465420798137597,-0.013525044559527188,-0.01915902307239814,0.8651748461517484
LinearModel,STG,45,55,True,-0.022106409945054674,-0.01968203868614124,0.002424371258913434,-0.04442573626531518,0.04945330919116509,0.9239076092390761,False,0.5304,0.4696,0.11729733531751636,0.12362625968111934,-0.0038298219826882196,0.0008298755186721962,0.9704050142930912
LinearModel,SVM,45,55,True,-0.05983018407892624,-0.036713321158773855,0.023116862920152387,-0.016003695928362635,0.06284601385921228,0.24647535246475352,False,0.8754,0.1246,0.0935727832132801,0.10792626013975687,-0.02581665586344739,-0.00042012448132777713,0.46529737270175425
LinearModel,TabNet,45,55,True,-0.052615306713441994,0.019770980936343524,0.07238628764978552,0.015549119522782836,0.12750616258550743,0.012198780121987801,True,0.9935,0.0065,0.10134114830435915,0.18326180591754512,-0.0119999999999999,0.025000000000000078,0.058325417458254175
LinearModel,VIME,45,55,True,0.005752978338412825,0.08009535185474663,0.0743423735163338,0.027273416337848147,0.12175504611123393,0.0026997300269973002,False,0.9986,0.0014,0.07353575431424418,0.16168275853668995,-0.0025518536665033453,0.021996996996996754,0.022182781721827815
LinearModel,XGBoost,45,55,True,-0.06783547392751392,-0.06545031270758964,0.002385161219924284,-0.0499803300415506,0.05364297526978498,0.926007399260074,False,0.5404,0.4596,0.10423303408756363,0.15660402564512554,-0.020112044817927166,-0.021010755414404003,0.9704050142930912
MLP,MLP-rtdl,45,55,True,-0.011841708550594347,-0.007984408674022402,0.003857299876571945,-0.027766696012235265,0.033821689989701975,0.8015198480151985,False,0.6056,0.3944,0.0617514904306922,0.0945066018971038,-0.006148905970378871,-0.0001512852347449467,0.9017098290170983
MLP,NODE,45,55,True,-0.04997052441466058,-0.02983577131123076,0.02013475310342982,-0.011225951533499293,0.05294665648251292,0.22377762223777622,False,0.8913,0.1087,0.07825258605820105,0.08720569566833211,-0.014066416040100282,-0.004386567741763159,0.44423658899932794
MLP,RandomForest,45,55,True,-0.04923661703085509,-0.0468332265097754,0.0024033905210796916,-0.03652792403160575,0.0429063711509093,0.9024097590240976,False,0.5475,0.4525,0.09921558046119858,0.10418870613470584,-0.017230151712910424,-0.01666666666666683,0.9704050142930912
MLP,ResNet,45,55,True,-0.04725920554543984,-0.050118985842915874,-0.002859780297476036,-0.040228101321636976,0.032692435572286925,0.8751124887511249,False,0.4367,0.5633,0.07422929221764572,0.1107355685645467,-0.011353032659409124,-0.015577211394302903,0.9610717499678604
MLP,SAINT,45,55,True,-0.037413959092399335,-0.05377721734475972,-0.016363258252360388,-0.06012277415140855,0.027420662676067912,0.4704529547045295,False,0.2346,0.7654,0.10819226984613112,0.12123451472525805,-0.009578637922587063,-0.02074212893553229,0.7084825498032722
MLP,STG,45,55,True,-0.010500598300860007,-0.01405325252865994,-0.0035526542277999323,-0.03988661318266212,0.029789285523224383,0.838016198380162,False,0.4158,0.5842,0.09209880623394842,0.08698381036883561,-0.0009375000000001465,2.998500749595845e-05,0.9358867033004729
MLP,SVM,45,55,True,-0.04822437243473156,-0.031084535001292546,0.017139837433439012,-0.018294122979407357,0.050633826959365816,0.3193680631936806,False,0.8389,0.1611,0.07973484653573802,0.09400691418439822,-0.013793103448276,-0.00085457271364342,0.542925707429257
MLP,TabNet,45,55,True,-0.04100949506924732,0.025399767093824833,0.06640926216307216,0.019070891293914788,0.1137143405482896,0.0071992800719928,True,0.9961,0.0039,0.09258661030873902,0.14775523885886976,-0.006097287131769824,0.016666666666666663,0.03798240865568615
MLP,VIME,45,55,True,0.01735878998260749,0.0857241380122279,0.06836534802962041,0.03582868700760731,0.103982303168743,0.00029997000299970003,False,1.0,0.0,0.03876751156860745,0.12410573876063898,0.005896358543417635,0.025000000000000355,0.0065564872084220155
MLP,XGBoost,45,55,True,-0.05622966228331922,-0.05982152655010834,-0.0035918642667891187,-0.04869116857378695,0.04073533121494191,0.8794120587941205,False,0.4424,0.5576,0.10193196195351781,0.12529509515160456,-0.01652126756578365,-0.01907126953050009,0.9610717499678604
MLP-rtdl,NODE,45,55,True,-0.03812881586406622,-0.021851362637208372,0.016277453226857846,-0.026273396811912056,0.06100960083375819,0.46685331466853314,False,0.757,0.243,0.1068258655579569,0.11842000573066967,-0.006234177215189901,-0.001372549019607594,0.7084825498032722
MLP-rtdl,RandomForest,45,55,True,-0.037394908480260745,-0.038848817835752995,-0.00145390935549225,-0.05301574242995042,0.05130567840147059,0.9544045595440456,False,0.4617,0.5383,0.12569393105477514,0.14385054826246454,-0.0017936117936120377,-0.007619047619047525,0.9800261584579797
MLP-rtdl,ResNet,45,55,True,-0.035417496994845483,-0.042134577168893454,-0.006717080174047971,-0.0467146921990606,0.03628256774619045,0.7458254174582541,False,0.3626,0.6374,0.10182141542244032,0.11135314373336504,-0.002390074803867992,-0.0025490196078428173,0.8651748461517484
MLP-rtdl,SAINT,45,55,True,-0.025572250541804988,-0.045792808670737324,-0.020220558128932337,-0.06907427228262784,0.029924933855029427,0.4173582641735826,False,0.2096,0.7904,0.12435763159237265,0.1253844912279303,-0.0028985507246376274,-0.008333333333333415,0.6721664675637699
MLP-rtdl,STG,45,55,True,0.0013411102497343415,-0.006068843854637535,-0.0074099541043718764,-0.049379817350342595,0.03661296075016434,0.7308269173082692,True,0.3635,0.6365,0.10684426252618281,0.11351531945659293,0.0017408253797553952,0.0011764705882355564,0.8651748461517484
MLP-rtdl,SVM,45,55,True,-0.03638266388413721,-0.023100126327270147,0.013282537556867063,-0.032519689810700796,0.06330903819538877,0.5849415058494151,False,0.7009,0.2991,0.11179478911213292,0.1357506823092029,-0.004109589041095929,-0.0003032602198004275,0.8062707242789234
MLP-rtdl,TabNet,45,55,True,-0.02916778651865297,0.03338417576784724,0.0625519622865002,0.012246623068660818,0.11569568338494782,0.017998200179982,True,0.993,0.007,0.11900866020296613,0.14618492427220253,-0.0005713133485684141,0.014722638680659594,0.08099190080991901
MLP-rtdl,VIME,45,55,True,0.029200498533201842,0.09370854668625031,0.06450804815304848,0.02352399372528794,0.10684480320909386,0.0027997200279972004,False,0.9991,0.0009,0.08189441469001735,0.12984366778529516,0.012312030075188218,0.0359519559292103,0.022182781721827815
MLP-rtdl,XGBoost,45,55,True,-0.044387953732724895,-0.051837117876085935,-0.0074491641433610395,-0.0584019057741532,0.045665837160583304,0.7704229577042295,False,0.3765,0.6235,0.1275036417710137,0.13718315593906613,-0.005522703930783246,-0.004617556123134747,0.8796620337966202
NODE,RandomForest,45,55,True,0.0007339073838054779,-0.016997455198544623,-0.017731362582350103,-0.037315243462628704,0.0015520692223055222,0.07479252074792521,True,0.0378,0.9622,0.03846425596767151,0.06139276917402415,0.0024683544303797933,-0.004347826086956497,0.21191214211912143
NODE,ResNet,45,55,True,0.002711318869220731,-0.0202832145316851,-0.02299453340090583,-0.04445657192547659,-0.0038539558765894894,0.026797320267973202,True,0.0092,0.9908,0.025045520435008184,0.07271177737523457,0.0,-0.0028968947439168558,0.10783555790762386
NODE,SAINT,45,55,True,0.012556565322261237,-0.02394144603352896,-0.0364980113557902,-0.06390141526720519,-0.01331768180815538,0.0057994200579942,True,0.0002,0.9998,0.06307733958648576,0.06767127703670425,0.0,-0.006666666666666599,0.0328633803286338
NODE,STG,45,55,True,0.03946992611380057,0.01578251878257083,-0.02368740733122974,-0.05224884600704179,0.0019589403026204857,0.08539146085391461,False,0.0363,0.9637,0.07882694475047435,0.056638579151935355,0.0100207039337471,0.005111157074420336,0.22525678466636093
NODE,SVM,45,55,True,0.0017461519799290054,-0.0012487636900617818,-0.002994915669990787,-0.023740011330045326,0.01675426700463205,0.7667233276672333,True,0.3923,0.6077,0.0299525042819885,0.06906653490484785,0.0012816131237183281,0.0,0.8796620337966202
NODE,TabNet,45,55,True,0.008961029345413245,0.05523553840505561,0.046274509059642366,0.013590181845538854,0.07858451318871316,0.0051994800519948,False,0.9977,0.0023,0.04180551691469092,0.11505464566395505,0.006892341375099975,0.013486482864418003,0.0305969403059694
NODE,VIME,45,55,True,0.06732931439726807,0.11555990932345869,0.048230594926190626,0.0007589153872104514,0.09491541576518049,0.0446955304469553,False,0.9762,0.0238,0.09820214928731942,0.14216950427602656,0.016902429467084645,0.06545570916538657,0.14278572142785723
NODE,XGBoost,45,55,True,-0.006259137868658674,-0.02998575523887757,-0.023726617370218896,-0.048382060888440985,-0.001011123764574486,0.04839516048395161,False,0.0195,0.9805,0.041794915970320444,0.07671854404667168,-0.0024993883279570417,-0.007692307692307665,0.1480891910808919
RandomForest,ResNet,45,55,True,0.001977411485415253,-0.0032857593331404762,-0.0052631708185557294,-0.03192745247179519,0.019840174007550296,0.6856314368563143,True,0.3483,0.6517,0.05112783780641349,0.08168957198475646,-0.0021943573667709826,-0.0003691551693844053,0.8651748461517484
RandomForest,SAINT,45,55,True,0.011822657938455761,-0.006943990834984327,-0.018766648773440087,-0.04702247513495527,0.006680965549719023,0.16848315168483152,True,0.0796,0.9204,0.06461833136578393,0.07286898580142276,0.003151162428807086,-0.001388888888888884,0.3682560315397032
RandomForest,STG,45,55,True,0.03873601872999508,0.03277997398111545,-0.0059560447488796325,-0.041430428303589444,0.028438843832871638,0.7370262973702629,False,0.3661,0.6339,0.09902421702118021,0.07689016711009948,0.0047041640414685615,0.014821839859097796,0.8651748461517484
RandomForest,SVM,45,55,True,0.0010122445961235275,0.015748691508482845,0.014736446912359317,-0.010955090274014666,0.0422398185998064,0.2715728427157284,False,0.8704,0.1296,0.055152375458921925,0.0802786761108126,-0.0017381873054795882,0.004155319336952901,0.48883111688831116
RandomForest,TabNet,45,55,True,0.008227121961607768,0.07223299360360023,0.06400587164199247,0.027873500050986523,0.1019701099288481,0.0014998500149985001,False,0.9997,0.0003,0.03805684159571259,0.13770121640672603,0.004267659670503132,0.03333333333333344,0.01631836816318368
RandomForest,VIME,45,55,True,0.06659540701346259,0.1325573645220033,0.06596195750854073,0.014291695708703561,0.1174660398658142,0.011398860113988602,False,0.9945,0.0055,0.11350836077675658,0.152087232431995,0.01538461538461533,0.07816939890710395,0.05625889024000826
RandomForest,XGBoost,45,55,True,-0.006993045252464151,-0.012988300040332941,-0.00599525478786879,-0.024721690303639562,0.008347172989445992,0.46425357464253575,False,0.2389,0.7611,0.013855994524722911,0.06046347516965288,-0.005498538159088295,-0.00045477537131555223,0.7084825498032722
ResNet,SAINT,45,55,True,0.009845246453040506,-0.00365823150184385,-0.013503477954884355,-0.042427567261244595,0.011317376077286976,0.31386861313868614,True,0.1545,0.8455,0.07758718379271164,0.05354084188638978,-0.00031445924764894606,-0.002703372956806893,0.5428378510463561
ResNet,STG,45,55,True,0.03675860724457983,0.03606573331425593,-0.0006928739303238979,-0.03239707069817452,0.029004533172644256,0.9637036296370363,False,0.4933,0.5067,0.08080586189691114,0.07369565067591805,0.011594202898550732,0.017790262172284743,0.982977702229777
ResNet,SVM,45,55,True,-0.0009651668892917255,0.019034450841623318,0.019999617730915045,-0.00011520092989053845,0.04483003428548797,0.0781921807819218,True,0.9737,0.0263,0.02528655239736003,0.08203940199258553,0.0,0.010000000000000009,0.21363220820775064
ResNet,TabNet,45,55,True,0.006249710476192515,0.0755187529367407,0.06926904246054819,0.03958303483815964,0.10105743895789876,9.999000099990002e-05,False,1.0,0.0,0.0425536501529739,0.10638890674714534,0.005608241349119969,0.0239750445632797,0.0038246175382461757
ResNet,VIME,45,55,True,0.06461799552804733,0.13584312385514383,0.0712251283270965,0.023324573564958807,0.12222779936877877,0.0036996300369963003,False,0.9981,0.0019,0.0964714719976053,0.1549425737077744,0.017729455949857975,0.08125000000000004,0.023585141485851415
ResNet,XGBoost,45,55,True,-0.008970456737879405,-0.009702540707192467,-0.0007320839693130618,-0.022921121494989868,0.02276290491080972,0.950904909509049,False,0.4625,0.5375,0.05490690262371619,0.06252159676903667,-0.002643856920684362,-0.0020000000000000018,0.9800261584579797
SAINT,STG,45,55,True,0.026913360791539324,0.039723964816099785,0.012810604024560461,-0.020260923866481095,0.04382625911698326,0.4340565943405659,False,0.783,0.217,0.08705237029228619,0.07710608649412976,0.007070707070707116,0.018086013781957733,0.6846459683928515
SAINT,SVM,45,55,True,-0.010810413342332232,0.02269268234346717,0.0335030956857994,0.0003368571069943896,0.07074448230751658,0.061193880611938804,True,0.9766,0.0234,0.08579626757743926,0.09583868764697735,-0.0010101010101010166,0.012713519337388623,0.1835816418358164
SAINT,TabNet,45,55,True,-0.0035955359768479918,0.07917698443858454,0.08277252041543252,0.047526946877893946,0.11984386166475902,9.999000099990002e-05,True,1.0,0.0,0.08086619607154256,0.10942102194351008,0.003346370680696764,0.03076923076923077,0.0038246175382461757
SAINT,VIME,45,55,True,0.05477274907500683,0.13950135535698763,0.0847286062819808,0.029010414903879844,0.1409241605443809,0.0023997600239976003,False,0.9994,0.0006,0.12815067230165497,0.1572219929773386,0.017531347962382426,0.07222222222222224,0.022182781721827815
SAINT,XGBoost,45,55,True,-0.01881570319091991,-0.006044309205348617,0.012771393985571294,-0.008715240952128172,0.03734933364787659,0.26947305269473054,False,0.8695,0.1305,0.06585710531877619,0.04995644187548609,-0.0023529411764704466,0.0,0.48883111688831116
STG,SVM,45,55,True,-0.03772377413387156,-0.017031282472632615,0.020692491661238946,-0.007953833769556962,0.052979323551590594,0.18388161183881613,False,0.9123,0.0877,0.08893560901669437,0.06477069202790801,-0.008080808080808133,-0.004999999999999893,0.39074842515748426
STG,TabNet,45,55,True,-0.030508896768387316,0.03945301962248477,0.06996191639087208,0.029906070974619958,0.11137418820303806,0.0010998900109989002,True,0.9999,0.0001,0.09070125842113336,0.12005563686714056,-0.002351311817248014,0.014444444444444482,0.012944859360217827
STG,VIME,45,55,True,0.027859388283467495,0.09977739054088788,0.07191800225742039,0.024941568105391238,0.11934361812033242,0.0034996500349965005,False,0.9987,0.0013,0.11164860431134448,0.13870319895411998,0.0012779683161848743,0.04068965517241374,0.023585141485851415
STG,XGBoost,45,55,True,-0.04572906398245923,-0.045768274021448396,-3.921003898916392e-05,-0.037290810846287964,0.03842357713210077,0.9978002199780022,False,0.4935,0.5065,0.10153337492583273,0.08983928519520289,-0.014999056870697247,-0.016447635821704498,0.9978002199780022
SVM,TabNet,45,55,True,0.00721487736548424,0.05648430209511738,0.04926942472963314,0.010735223204702236,0.0863239779624292,0.012898710128987101,False,0.9931,0.0069,0.0471431992688566,0.13405949566611974,0.004496314496314602,0.025000000000000022,0.05980311059803111
SVM,VIME,45,55,True,0.06558316241733905,0.11680867301352048,0.051225510596181426,0.002460451771881391,0.10086095168344267,0.041495850414958506,False,0.9792,0.0208,0.09969331472772333,0.15144765168603205,0.019408307210031284,0.060000000000000386,0.13801880681497067
SVM,XGBoost,45,55,True,-0.00800528984858768,-0.028736991548815784,-0.020731701700228103,-0.05544697998624982,0.01066741121039914,0.2131786821317868,False,0.1025,0.8975,0.05779411427716656,0.10577260035602788,-0.0025632262474367673,-0.007692307692307665,0.4348845115488451
TabNet,VIME,45,55,True,0.058368285051854825,0.060324370918403085,0.00195608586654826,-0.05049043268020241,0.0558264696256351,0.9435056494350565,False,0.5354,0.4646,0.11129904391407985,0.15633990893403402,0.014560501744789067,0.018185907046476824,0.9800261584579797
TabNet,XGBoost,45,55,True,-0.015220167214071918,-0.08522129364393316,-0.07000112642986124,-0.10471895754823767,-0.03844143647950516,0.00019998000199980003,False,0.0,1.0,0.03916525992162111,0.11835692833429873,-0.009500000000000064,-0.03418105093039436,0.005099490050994901
VIME,XGBoost,45,55,True,-0.07358845226592674,-0.14554566456233625,-0.07195721229640951,-0.12677226609053102,-0.018351367646005975,0.011198880111988802,False,0.0053,0.9947,0.11780313140695481,0.15836440224128306,-0.023423458720966073,-0.09166666666666662,0.05625889024000826
