algorithm_a,algorithm_b,sign_reversal_primary,sign_reversal_dedup,reversal_stable_to_dedupe
CatBoost,DANet,False,False,False
CatBoost,DecisionTree,False,False,False
CatBoost,FTTransformer,False,False,False
CatBoost,KNN,False,False,False
CatBoost,LightGBM,False,False,False
CatBoost,LinearModel,False,False,False
CatBoost,MLP,False,False,False
CatBoost,MLP-rtdl,False,False,False
CatBoost,NODE,False,False,False
CatBoost,RandomForest,False,False,False
CatBoost,ResNet,False,False,False
CatBoost,SAINT,False,False,False
CatBoost,STG,False,False,False
CatBoost,SVM,False,False,False
CatBoost,TabNet,False,False,False
CatBoost,VIME,False,False,False
CatBoost,XGBoost,False,True,False
DANet,DecisionTree,True,True,True
DANet,FTTransformer,True,True,True
DANet,KNN,False,False,False
DANet,LightGBM,False,False,False
DANet,LinearModel,False,False,False
DANet,MLP,False,False,False
DANet,MLP-rtdl,False,False,False
DANet,NODE,False,False,False
DANet,RandomForest,True,True,True
DANet,ResNet,True,True,True
DANet,SAINT,True,True,True
DANet,STG,False,False,False
DANet,SVM,False,False,False
DANet,TabNet,False,False,False
DANet,VIME,False,False,False
DANet,XGBoost,False,False,False
DecisionTree,FTTransformer,False,False,False
DecisionTree,KNN,False,False,False
DecisionTree,LightGBM,False,False,False
DecisionTree,LinearModel,False,False,False
DecisionTree,MLP,False,False,False
DecisionTree,MLP-rtdl,False,False,False
DecisionTree,NODE,True,True,True
DecisionTree,RandomForest,False,False,False
DecisionTree,ResNet,False,False,False
DecisionTree,SAINT,False,False,False
DecisionTree,STG,False,False,False
DecisionTree,SVM,True,True,True
DecisionTree,TabNet,True,True,True
DecisionTree,VIME,False,False,False
DecisionTree,XGBoost,False,False,False
FTTransformer,KNN,False,False,False
FTTransformer,LightGBM,False,False,False
FTTransformer,LinearModel,False,False,False
FTTransformer,MLP,False,False,False
FTTransformer,MLP-rtdl,False,False,False
FTTransformer,NODE,True,True,True
FTTransformer,RandomForest,False,False,False
FTTransformer,ResNet,False,False,False
FTTransformer,SAINT,True,True,True
FTTransformer,STG,False,False,False
FTTransformer,SVM,True,True,True
FTTransformer,TabNet,False,False,False
FTTransformer,VIME,False,False,False
FTTransformer,XGBoost,False,False,False
KNN,LightGBM,False,False,False
KNN,LinearModel,True,True,True
KNN,MLP,False,False,False
KNN,MLP-rtdl,False,False,False
KNN,NODE,False,False,False
KNN,RandomForest,False,False,False
KNN,ResNet,False,False,False
KNN,SAINT,False,False,False
KNN,STG,False,False,False
KNN,SVM,False,False,False
KNN,TabNet,False,False,False
KNN,VIME,False,False,False
KNN,XGBoost,False,False,False
LightGBM,LinearModel,False,False,False
LightGBM,MLP,False,False,False
LightGBM,MLP-rtdl,False,False,False
LightGBM,NODE,False,False,False
LightGBM,RandomForest,True,True,True
LightGBM,ResNet,True,True,True
LightGBM,SAINT,True,True,True
LightGBM,STG,False,False,False
LightGBM,SVM,False,False,False
LightGBM,TabNet,False,False,False
LightGBM,VIME,False,False,False
LightGBM,XGBoost,False,False,False
LinearModel,MLP,False,False,False
LinearModel,MLP-rtdl,False,False,False
LinearModel,NODE,False,False,False
LinearModel,RandomForest,False,False,False
LinearModel,ResNet,False,False,False
LinearModel,SAINT,False,False,False
LinearModel,STG,False,False,False
LinearModel,SVM,False,False,False
LinearModel,TabNet,True,True,True
LinearModel,VIME,False,False,False
LinearModel,XGBoost,False,False,False
MLP,MLP-rtdl,False,False,False
MLP,NODE,False,False,False
MLP,RandomForest,False,False,False
MLP,ResNet,False,False,False
MLP,SAINT,False,False,False
MLP,STG,False,False,False
MLP,SVM,False,False,False
MLP,TabNet,True,True,True
MLP,VIME,False,False,False
MLP,XGBoost,False,False,False
MLP-rtdl,NODE,False,False,False
MLP-rtdl,RandomForest,False,False,False
MLP-rtdl,ResNet,False,False,False
MLP-rtdl,SAINT,False,False,False
MLP-rtdl,STG,True,True,True
MLP-rtdl,SVM,False,False,False
MLP-rtdl,TabNet,True,True,True
MLP-rtdl,VIME,False,False,False
MLP-rtdl,XGBoost,False,False,False
NODE,RandomForest,True,True,True
NODE,ResNet,True,True,True
NODE,SAINT,True,True,True
NODE,STG,False,False,False
NODE,SVM,False,True,False
NODE,TabNet,False,False,False
NODE,VIME,False,False,False
NODE,XGBoost,False,False,False
RandomForest,ResNet,True,True,True
RandomForest,SAINT,True,True,True
RandomForest,STG,False,False,False
RandomForest,SVM,False,False,False
RandomForest,TabNet,False,False,False
RandomForest,VIME,False,False,False
RandomForest,XGBoost,False,False,False
ResNet,SAINT,True,True,True
ResNet,STG,False,False,False
ResNet,SVM,True,True,True
ResNet,TabNet,False,False,False
ResNet,VIME,False,False,False
ResNet,XGBoost,False,False,False
SAINT,STG,False,False,False
SAINT,SVM,True,True,True
SAINT,TabNet,True,True,True
SAINT,VIME,False,False,False
SAINT,XGBoost,False,False,False
STG,SVM,False,False,False
STG,TabNet,True,True,True
STG,VIME,False,False,False
STG,XGBoost,False,False,False
SVM,TabNet,False,False,False
SVM,VIME,False,False,False
SVM,XGBoost,False,False,False
TabNet,VIME,False,False,False
TabNet,XGBoost,False,False,False
VIME,XGBoost,False,False,False
