task_id,dataset_name,dataset_base,in_cc18
3,openml__kr-vs-kp__3,kr-vs-kp,True
4,openml__labor__4,labor,False
5,openml__arrhythmia__5,arrhythmia,False
7,openml__audiology__7,audiology,False
9,openml__autos__9,autos,False
10,openml__lymph__10,lymph,False
11,openml__balance-scale__11,balance-scale,True
12,openml__mfeat-factors__12,mfeat-factors,True
14,openml__mfeat-fourier__14,mfeat-fourier,True
15,openml__breast-w__15,breast-w,True
16,openml__mfeat-karhunen__16,mfeat-karhunen,True
18,openml__mfeat-morphological__18,mfeat-morphological,True
22,openml__mfeat-zernike__22,mfeat-zernike,True
23,openml__cmc__23,cmc,True
24,openml__mushroom__24,mushroom,False
25,openml__colic__25,colic,False
27,openml__colic__27,colic,False
29,openml__credit-approval__29,credit-approval,True
30,openml__page-blocks__30,page-blocks,False
35,openml__dermatology__35,dermatology,False
37,openml__diabetes__37,diabetes,True
39,openml__sonar__39,sonar,False
40,openml__glass__40,glass,False
43,openml__spambase__43,spambase,True
45,openml__splice__45,splice,True
47,openml__tae__47,tae,False
48,openml__heart-c__48,heart-c,False
49,openml__tic-tac-toe__49,tic-tac-toe,True
50,openml__heart-h__50,heart-h,False
53,openml__vehicle__53,vehicle,True
59,openml__iris__59,iris,False
2074,openml__satimage__2074,satimage,True
2079,openml__eucalyptus__2079,eucalyptus,True
2867,openml__anneal__2867,anneal,False
3021,openml__sick__3021,sick,True
3022,openml__vowel__3022,vowel,True
3485,openml__scene__3485,scene,False
3512,openml__synthetic_control__3512,synthetic_control,False
3540,openml__analcatdata_boxing1__3540,analcatdata_boxing1,False
3543,openml__irish__3543,irish,False
3549,openml__analcatdata_authorship__3549,analcatdata_authorship,True
3560,openml__analcatdata_dmft__3560,analcatdata_dmft,True
3561,openml__profb__3561,profb,False
3567,openml__collins__3567,collins,False
3602,openml__visualizing_environmental__3602,visualizing_environmental,False
3620,openml__fri_c0_100_5__3620,fri_c0_100_5,False
3647,openml__rabe_266__3647,rabe_266,False
3711,openml__elevators__3711,elevators,False
3731,openml__visualizing_livestock__3731,visualizing_livestock,False
3739,openml__analcatdata_chlamydia__3739,analcatdata_chlamydia,False
3748,openml__transplant__3748,transplant,False
3779,openml__fri_c3_100_5__3779,fri_c3_100_5,False
3797,openml__socmob__3797,socmob,False
3896,openml__ada_agnostic__3896,ada_agnostic,False
3902,openml__pc4__3902,pc4,True
3903,openml__pc3__3903,pc3,True
3904,openml__jm1__3904,jm1,True
3913,openml__kc2__3913,kc2,True
3917,openml__kc1__3917,kc1,True
3918,openml__pc1__3918,pc1,True
3950,openml__musk__3950,musk,False
3953,openml__adult-census__3953,adult-census,False
9946,openml__wdbc__9946,wdbc,True
9952,openml__phoneme__9952,phoneme,True
9957,openml__qsar-biodeg__9957,qsar-biodeg,True
9960,openml__wall-robot-navigation__9960,wall-robot-navigation,True
9964,openml__semeion__9964,semeion,True
9971,openml__ilpd__9971,ilpd,True
9978,openml__ozone-level-8hr__9978,ozone-level-8hr,True
9979,openml__cardiotocography__9979,cardiotocography,False
9984,openml__fertility__9984,fertility,False
10089,openml__acute-inflammations__10089,acute-inflammations,False
10093,openml__banknote-authentication__10093,banknote-authentication,True
10101,openml__blood-transfusion-service-center__10101,blood-transfusion-service-center,True
14952,openml__PhishingWebsites__14952,PhishingWebsites,True
14954,openml__cylinder-bands__14954,cylinder-bands,True
14965,openml__bank-marketing__14965,bank-marketing,True
14967,openml__cjs__14967,cjs,False
125920,openml__dresses-sales__125920,dresses-sales,True
125921,openml__LED-display-domain-7digit__125921,LED-display-domain-7digit,False
145793,openml__yeast__145793,yeast,False
145799,openml__breast-cancer__145799,breast-cancer,False
145836,openml__blood-transfusion-service-center__145836,blood-transfusion-service-center,False
145847,openml__hill-valley__145847,hill-valley,False
145977,openml__ecoli__145977,ecoli,False
145984,openml__ionosphere__145984,ionosphere,False
146024,openml__lung-cancer__146024,lung-cancer,False
146032,openml__primary-tumor__146032,primary-tumor,False
146063,openml__hayes-roth__146063,hayes-roth,False
146065,openml__monks-problems-2__146065,monks-problems-2,False
146192,openml__car-evaluation__146192,car-evaluation,False
146210,openml__postoperative-patient-data__146210,postoperative-patient-data,False
146607,openml__SpeedDating__146607,SpeedDating,False
146800,openml__MiceProtein__146800,MiceProtein,True
146817,openml__steel-plates-fault__146817,steel-plates-fault,True
146818,openml__Australian__146818,Australian,False
146820,openml__wilt__146820,wilt,True
146821,openml__car__146821,car,True
167140,openml__dna__167140,dna,True
167141,openml__churn__167141,churn,True
167211,openml__Satellite__167211,Satellite,False
168911,openml__jasmine__168911,jasmine,False
190408,openml__Click_prediction_small__190408,Click_prediction_small,False
360948,openml__libras__360948,libras,False
