task_id,dataset_base,norm_name,in_cc18
168868,APSFailure,apsfailure,False
34539,Amazon_employee_access,amazonemployeeaccess,False
146818,Australian,australian,False
9910,Bioresponse,bioresponse,True
168340,Census-Income,censusincome,False
190408,Click_prediction_small,clickpredictionsmall,False
146825,Fashion-MNIST,fashionmnist,True
14969,GesturePhaseSegmentationProcessed,gesturephasesegmentationprocessed,True
167125,Internet-Advertisements,internetadvertisements,True
3510,JapaneseVowels,japanesevowels,False
125921,LED-display-domain-7digit,leddisplaydomain7digit,False
3954,MagicTelescope,magictelescope,False
146800,MiceProtein,miceprotein,True
168335,MiniBooNE,miniboone,False
14952,PhishingWebsites,phishingwebsites,True
167211,Satellite,satellite,False
146607,SpeedDating,speeddating,False
10089,acute-inflammations,acuteinflammations,False
3896,ada_agnostic,adaagnostic,False
3953,adult-census,adultcensus,False
7592,adult,adult,True
189354,airlines,airlines,False
3549,analcatdata_authorship,analcatdataauthorship,True
3540,analcatdata_boxing1,analcatdataboxing1,False
3739,analcatdata_chlamydia,analcatdatachlamydia,False
3560,analcatdata_dmft,analcatdatadmft,True
2867,anneal,anneal,False
5,arrhythmia,arrhythmia,False
14964,artificial-characters,artificialcharacters,False
7,audiology,audiology,False
9,autos,autos,False
11,balance-scale,balancescale,True
10093,banknote-authentication,banknoteauthentication,True
145799,breast-cancer,breastcancer,False
15,breast-w,breastw,True
146192,car-evaluation,carevaluation,False
146821,car,car,True
9979,cardiotocography,cardiotocography,False
3952,chess,chess,False
168908,christine,christine,False
167141,churn,churn,True
14967,cjs,cjs,False
146819,climate-model-simulation-crashes,climatemodelsimulationcrashes,True
23,cmc,cmc,True
9981,cnae-9,cnae9,True
3567,collins,collins,False
146195,connect-4,connect4,True
29,credit-approval,creditapproval,True
31,credit-g,creditg,True
14954,cylinder-bands,cylinderbands,True
35,dermatology,dermatology,False
37,diabetes,diabetes,True
168909,dilbert,dilbert,False
167140,dna,dna,True
125920,dresses-sales,dressessales,True
145977,ecoli,ecoli,False
14951,eeg-eye-state,eegeyestate,False
219,electricity,electricity,True
3711,elevators,elevators,False
2079,eucalyptus,eucalyptus,True
3897,eye_movements,eyemovements,False
168910,fabert,fabert,False
9984,fertility,fertility,False
9985,first-order-theorem-proving,firstordertheoremproving,True
3566,fl2000,fl2000,False
3620,fri_c0_100_5,fric01005,False
3779,fri_c3_100_5,fric31005,False
9987,gas-drift-different-concentrations,gasdriftdifferentconcentrations,False
9986,gas-drift,gasdrift,False
3891,gina_agnostic,ginaagnostic,False
40,glass,glass,False
42,haberman,haberman,False
14970,har,har,True
146063,hayes-roth,hayesroth,False
48,heart-c,heartc,False
50,heart-h,hearth,False
54,hepatitis,hepatitis,False
146606,higgs,higgs,False
145847,hill-valley,hillvalley,False
3686,house_16H,house16h,False
9971,ilpd,ilpd,True
145984,ionosphere,ionosphere,False
59,iris,iris,False
3543,irish,irish,False
168330,jannis,jannis,False
168911,jasmine,jasmine,False
3904,jm1,jm1,True
167119,jungle_chess_2pcs_raw_endgame_complete,junglechess2pcsrawendgamecomplete,True
3917,kc1,kc1,True
3913,kc2,kc2,True
3,kr-vs-kp,krvskp,True
2076,kropt,kropt,False
4,labor,labor,False
9974,ldpa,ldpa,False
6,letter,letter,True
360948,libras,libras,False
146024,lung-cancer,lungcancer,False
10,lymph,lymph,False
9976,madelon,madelon,True
146206,magic,magic,False
12,mfeat-factors,mfeatfactors,True
14,mfeat-fourier,mfeatfourier,True
16,mfeat-karhunen,mfeatkarhunen,True
18,mfeat-morphological,mfeatmorphological,True
146824,mfeat-pixel,mfeatpixel,True
22,mfeat-zernike,mfeatzernike,True
3573,mnist_784,mnist784,True
146065,monks-problems-2,monksproblems2,False
24,mushroom,mushroom,False
3950,musk,musk,False
9977,nomao,nomao,True
167120,numerai28.6,numerai286,True
9892,nursery,nursery,False
9956,one-hundred-plants-texture,onehundredplantstexture,False
28,optdigits,optdigits,True
9978,ozone-level-8hr,ozonelevel8hr,True
30,page-blocks,pageblocks,False
3918,pc1,pc1,True
3903,pc3,pc3,True
3902,pc4,pc4,True
190410,philippine,philippine,False
9952,phoneme,phoneme,True
3735,pollen,pollen,False
146210,postoperative-patient-data,postoperativepatientdata,False
146032,primary-tumor,primarytumor,False
3561,profb,profb,False
9957,qsar-biodeg,qsarbiodeg,True
3647,rabe_266,rabe266,False
2074,satimage,satimage,True
3485,scene,scene,False
146822,segment,segment,True
9964,semeion,semeion,True
3021,sick,sick,True
9965,skin-segmentation,skinsegmentation,False
3797,socmob,socmob,False
39,sonar,sonar,False
41,soybean,soybean,False
43,spambase,spambase,True
45,splice,splice,True
146817,steel-plates-fault,steelplatesfault,True
3889,sylva_agnostic,sylvaagnostic,False
168912,sylvine,sylvine,False
3512,synthetic_control,syntheticcontrol,False
47,tae,tae,False
125922,texture,texture,True
49,tic-tac-toe,tictactoe,True
3748,transplant,transplant,False
53,vehicle,vehicle,True
3602,visualizing_environmental,visualizingenvironmental,False
3731,visualizing_livestock,visualizinglivestock,False
168331,volkert,volkert,False
3022,vowel,vowel,True
9945,walking-activity,walkingactivity,False
9960,wall-robot-navigation,wallrobotnavigation,True
9946,wdbc,wdbc,True
146820,wilt,wilt,True
145793,yeast,yeast,False
3481,isolet,isolet,True
32,pendigits,pendigits,True
168332,robert,robert,False
2068,solar-flare,solarflare,False
167124,CIFAR_10,cifar10,True
168337,guillermo,guillermo,False
168338,riccardo,riccardo,False
146212,shuttle,shuttle,False
