algorithm_a,algorithm_b,n_cc18_common_104,n_outside_common_104,eligible_104,delta_cc18_104,delta_outside_104,interaction_shift_out_minus_cc18,interaction_ci_lo,interaction_ci_hi,bootstrap_p_104,sign_reversal_104,bootstrap_prob_shift_positive,bootstrap_prob_shift_negative,cc18_sd,outside_sd,cc18_median,outside_median,bootstrap_q_bh_104,n_cc18_common_171,n_outside_common_171,eligible_171,delta_cc18_171,delta_outside_171,interaction_shift,ci_lo,ci_hi,bootstrap_p_171,bootstrap_reversal_probability,sign_reversal_171,min_abs_contrast,strong_reversal_005,strong_reversal_010,loo_reversal_retention,bootstrap_q_bh_171,same_reversal_flag
CatBoost,DANet,46,58,True,0.0030271924356844,0.0306382818270419,0.0276110893913575,0.0087896081891399,0.0468256815407767,0.0052994700529947,False,0.9976,0.0024,0.0273306804018264,0.0672455802412156,0.0020125845810018,0.0217808642183066,0.0311853430041611,60,83,True,0.00882507132277381,0.03406327051743035,0.025238199194656537,0.007265733911282578,0.04364660589393838,0.007599240075992401,0.0223,False,0.00882507132277381,False,False,,0.04844515548445155,True
CatBoost,DecisionTree,46,58,True,0.0405467714734915,0.0286411636966696,-0.0119056077768219,-0.0277018700906977,0.0028998248256024,0.1336866313368663,False,0.0637,0.9363,0.0439650212200778,0.0342639830783975,0.0252647428848801,0.0284213241240395,0.2964355738339209,68,95,True,0.047573346180083215,0.04544364581496111,-0.0021297003651221044,-0.0206751237253594,0.01821171855218095,0.8313168683131686,0.0,False,0.04544364581496111,False,False,,0.9167061865242048,True
CatBoost,FTTransformer,46,58,True,0.0123836090319091,0.0243128285154133,0.0119292194835042,-0.013068156746532,0.0343532472931273,0.3195680431956804,False,0.8383,0.1617,0.0529263921148149,0.0721467465763764,0.0033445209824665,0.0100407405274675,0.5493697821229113,58,78,True,0.01187590350507717,0.04622144923452868,0.03434554572945151,0.005774961201226374,0.0647262782923252,0.023897610238976102,0.021,False,0.01187590350507717,False,False,,0.10156484351564844,True
CatBoost,KNN,46,58,True,0.0559936994463659,0.0941623475140031,0.0381686480676372,0.0018992231503806,0.0760126572673621,0.0424957504249575,False,0.9814,0.0186,0.079587771617898,0.1152827246670232,0.0197317651968516,0.0532704126426689,0.1326908125513979,66,94,True,0.04752178755616463,0.08060345465151826,0.03308166709535363,0.005703489511417732,0.060541707210764795,0.0178982101789821,0.0,False,0.04752178755616463,False,False,,0.08298261082982611,True
CatBoost,LightGBM,46,58,True,0.0014737980014777,0.0227585573127542,0.0212847593112765,0.0106868369702539,0.0323895439877716,0.0003999600039996,False,0.9999,0.0001,0.0134630004981784,0.0399215957562982,0.0003117924528301,0.0073333333333333,0.0069538500695385,67,92,True,-0.001888616359586379,0.006143834441286848,0.008032450800873227,-0.004883455941049715,0.020046533689821514,0.19758024197580243,0.6839,True,0.001888616359586379,False,False,1.0,0.35150903514299736,False
CatBoost,LinearModel,46,58,True,0.066474759078946,0.0695265656912849,0.0030518066123389,-0.0435540337499995,0.0515892375785534,0.8943105689431057,False,0.5559,0.4441,0.0981890088433639,0.1505513450186746,0.0260708225751463,0.0262951506061741,0.96832851926075,64,95,True,0.06785245838330925,0.09627899128150112,0.028426532898191872,-0.01024481562046274,0.06727138293249406,0.1494850514948505,0.0,False,0.06785245838330925,False,False,,0.2996115972818303,True
CatBoost,MLP,46,58,True,0.0550632766733932,0.0670203930458324,0.0119571163724392,-0.0308725660582099,0.0529677986774143,0.5657434256574343,False,0.7132,0.2868,0.0977581548462154,0.120097616762214,0.0180168975791448,0.0313017665147808,0.7660065851821899,68,94,True,0.047303882631687715,0.07534681028889749,0.028042927657209775,-0.0051297302624650305,0.060216600193459875,0.09169083091690831,0.0,False,0.047303882631687715,False,False,,0.2361063893610639,True
CatBoost,MLP-rtdl,46,58,True,0.0437410412228999,0.0570596161552494,0.0133185749323494,-0.0351026987994673,0.0601514828435903,0.5814418558144185,False,0.7112,0.2888,0.1238405860320562,0.1290836092531996,0.0054574242942951,0.0156407724436386,0.7735704690400524,68,95,True,0.03540539255769127,0.06955541200888705,0.034150019451195786,-0.0036721142244210982,0.06978206060253021,0.068993100689931,0.0002,False,0.03540539255769127,False,False,,0.20299893087614315,True
CatBoost,NODE,46,58,True,0.005948359037038,0.0350085802900495,0.0290602212530114,0.0086620456139438,0.0497271802167242,0.0058994100589941,False,0.9975,0.0025,0.0380375579235229,0.06904265034622,0.0004733227777786,0.0137374413872632,0.0334299903342999,58,78,True,0.006718926154471789,0.03516280344536408,0.02844387729089229,0.011055603668712626,0.04645537039369779,0.0010998900109989002,0.0672,False,0.006718926154471789,False,False,,0.018358164183581643,True
CatBoost,RandomForest,46,58,True,0.0071014862172394,0.0193577367588625,0.012256250541623,-0.0008271282742274,0.0293010016529737,0.1004899510048995,False,0.9654,0.0346,0.0109780448920902,0.057801351207073,0.0044687514637439,0.0062059754980677,0.2440470238690416,68,94,True,0.01232737956570287,0.02219434162096189,0.00986696205525902,-0.0022972621167902762,0.023012800045890267,0.12668733126687332,0.0,False,0.01232737956570287,False,False,,0.27429510570069754,True
CatBoost,ResNet,46,58,True,0.0085697922042448,0.0169488270464017,0.0083790348421569,-0.0133611327141286,0.0283741043331988,0.4360563943605639,False,0.7817,0.2183,0.050640048121617,0.0596307233720283,0.0039283408252991,0.0115074405656031,0.6866135168661353,68,94,True,0.008816599592301527,0.022030741785459444,0.013214142193157917,-0.0057322192077005635,0.030989677713469756,0.1593840615938406,0.067,False,0.008816599592301527,False,False,,0.30375757604962395,True
CatBoost,SAINT,46,58,True,0.0184054768953802,0.0139136447974491,-0.004491832097931,-0.0280419469061235,0.0152223138421324,0.6885311468853115,False,0.3579,0.6421,0.0660145880012445,0.0401499059854433,0.0045545300755144,0.0047377957084106,0.8427621237876213,39,64,True,0.012961921772312849,0.015473375510095776,0.002511453737782927,-0.029366760464471654,0.031136314955850303,0.8702129787021298,0.169,False,0.012961921772312849,False,False,,0.9281071892810719,True
CatBoost,STG,46,58,True,0.0447321978420584,0.0528898493955059,0.0081576515534474,-0.0294331809510117,0.0427063419577332,0.6423357664233577,False,0.6795,0.3205,0.0992627432571456,0.0838553725365015,0.0083657899462076,0.0245564266630168,0.8399775407074678,67,88,True,0.04633483612421551,0.07017755045159203,0.023842714327376523,-0.007362437813829384,0.05301606756216232,0.11848815118488151,0.0,False,0.04633483612421551,False,False,,0.27429510570069754,True
CatBoost,SVM,46,58,True,0.0082644634514026,0.0366515798249215,0.0283871163735189,-0.0008829806710839,0.0587795893400087,0.0625937406259374,False,0.972,0.028,0.0540377711730353,0.0999619409951788,0.0055494935929717,0.0196455443069616,0.1773489317734893,63,76,True,0.0118275834850434,0.03521191258044918,0.02338432909540578,-0.001418320699576102,0.049034962118727037,0.07089291070892911,0.0336,False,0.0118275834850434,False,False,,0.20465311959370103,True
CatBoost,TabNet,46,58,True,0.0148281752494037,0.0905798698151915,0.0757516945657877,0.0458208051133193,0.107075925525774,9.999000099990002e-05,False,1.0,0.0,0.0380652212539763,0.1136844103744156,0.0084295456457891,0.0365255496137849,0.0030596940305969,68,90,True,0.01552469955714136,0.07025707814732753,0.05473237859018616,0.02935727688300095,0.07995188784951392,9.999000099990002e-05,0.0002,False,0.01552469955714136,False,False,,0.0030596940305969407,True
CatBoost,VIME,46,58,True,0.0723643256281767,0.1499516132847241,0.0775872876565474,0.0286388314398568,0.1279244522801337,0.0025997400259974,False,0.9988,0.0012,0.1116010134643998,0.1509638718239092,0.0244046446739714,0.1003003003003003,0.0209347486304001,67,90,True,0.07954694811277256,0.15507057813040748,0.07552363001763492,0.026894440865381206,0.12278992690900944,0.0037996200379962005,0.0,False,0.07954694811277256,False,False,,0.030596940305969402,True
CatBoost,XGBoost,46,58,True,0.0002028843692061,0.0065004976971095,0.0062976133279034,-0.001515287713453,0.0140345683218347,0.1128887111288871,False,0.943,0.057,0.0145253166924319,0.0258472183195501,0.0004615565828852,0.002363031040038,0.2657226585033804,68,95,True,-0.004404836219962477,-0.006133852198071866,-0.001729015978109389,-0.013818088975969098,0.008946188979428202,0.7713228677132287,0.14,False,0.004404836219962477,False,False,,0.8741659167416591,True
DANet,DecisionTree,46,58,True,0.0375195790378071,-0.0019971181303723,-0.0395166971681794,-0.0642033127569855,-0.0153465413625409,0.0015998400159984,True,0.0005,0.9995,0.060027537625564,0.0673593080668339,0.0156296116948124,-0.0008411562412862,0.0152984701529847,62,85,True,0.04128638574011439,0.013841396864541857,-0.02744498887557253,-0.05251276752708655,-0.001773978825795568,0.03469653034696531,0.075,False,0.013841396864541857,False,False,,0.12170782921707829,False
DANet,FTTransformer,46,58,True,0.0093564165962247,-0.0063254533116286,-0.0156818699078533,-0.0387936906500933,0.0062871947685598,0.1690830916908309,True,0.0802,0.9198,0.0462401550376031,0.0690944138902144,7.492613032511475e-06,-0.0059355874011046,0.3543796305300977,56,74,True,0.005901333040049272,0.007456295003566215,0.001554961963516943,-0.021672630491745407,0.02592493021193722,0.8973102689731027,0.3302,False,0.005901333040049272,False,False,,0.9304157422095629,False
DANet,KNN,46,58,True,0.0529665070106815,0.0635240656869611,0.0105575586762796,-0.023597952856897,0.0460927720837474,0.5500449955004499,False,0.7213,0.2787,0.0724790257297456,0.1083720447869762,0.0231193693693694,0.0307720027720027,0.7650625846506258,62,84,True,0.04035541514783566,0.054688492338411096,0.014333077190575437,-0.014199977109293922,0.04339999405144222,0.33186681331866813,0.0,False,0.04035541514783566,False,False,,0.4978002199780022,True
DANet,LightGBM,46,58,True,-0.0015533944342066,-0.0078797245142876,-0.006326330080081,-0.0241650078123974,0.0108270548675928,0.4701529847015298,False,0.234,0.766,0.0251776527857889,0.0620602983184932,-0.0013632591083709,-0.0040101443693996,0.6898881540417386,62,81,True,-0.007857500473923805,-0.018022627783267544,-0.01016512730934374,-0.02966769618705854,0.00838953121365857,0.29347065293470653,0.0692,False,0.007857500473923805,False,False,,0.44901009899010097,True
DANet,LinearModel,46,58,True,0.0634475666432616,0.0388882838642429,-0.0245592827790186,-0.0656326725058563,0.0156670332930753,0.2402759724027597,False,0.1154,0.8846,0.0995965714183375,0.1189317944188468,0.0205695679788558,0.0021739130434782,0.442918358766533,61,85,True,0.056901176545333776,0.05015675897014778,-0.006744417575185999,-0.04047170568910503,0.027388467061847343,0.689031096890311,0.0001,False,0.05015675897014778,False,False,,0.8366806176525204,True
DANet,MLP,46,58,True,0.0520360842377088,0.0363821112187904,-0.0156539730189183,-0.0513006487191661,0.0186181161032304,0.3771622837716228,False,0.1884,0.8116,0.0924741277086829,0.0894032900643439,0.0094206499093822,0.007899332471053,0.6138918023091308,62,84,True,0.043575140458620584,0.045656450478884704,0.0020813100202641197,-0.027226559815190413,0.03014495501832602,0.8898110188981102,0.0,False,0.043575140458620584,False,False,,0.9304157422095629,True
DANet,MLP-rtdl,46,58,True,0.0407138487872155,0.0264213343282074,-0.014292514459008,-0.0624724481445838,0.0291103569546372,0.5343465653434657,False,0.2675,0.7325,0.1202465876167438,0.118584450648662,0.0046169177847503,0.0001960784313724,0.7569909675699097,62,85,True,0.03104743434053229,0.04106472661816279,0.010017292277630499,-0.02803177142694789,0.04520046133992278,0.6052394760523948,0.0016,False,0.03104743434053229,False,False,,0.7590298347214459,True
DANet,NODE,46,58,True,0.0029211666013536,0.0043702984630075,0.0014491318616538,-0.0149058615201328,0.0182421831378932,0.8628137186281372,False,0.5607,0.4393,0.0303382427783618,0.05493133305593,-0.0010973763368851,-0.0024849397652864,0.9429321353578928,53,75,True,0.00023685425632304053,0.002780989028746132,0.0025441347724230916,-0.011654376622194557,0.01655560660722086,0.7208279172082792,0.5005,False,0.00023685425632304053,False,False,,0.8459018759778157,True
DANet,RandomForest,46,58,True,0.004074293781555,-0.0112805450681794,-0.0153548388497344,-0.0330624401044792,0.0021936896198152,0.0867913208679132,True,0.0442,0.9558,0.0281371166563475,0.0611668140220946,0.0051999995541607,-0.0076473143423682,0.2176897064391921,62,84,True,0.002637674977862888,-0.010583900984664033,-0.01322157596252692,-0.029894068192641638,0.003474742428715694,0.12248775122487751,0.7026,True,0.002637674977862888,False,False,1.0,0.27429510570069754,True
DANet,ResNet,46,58,True,0.0055425997685604,-0.0136894547806401,-0.0192320545492006,-0.0380502922765611,-0.0024420471303899,0.0355964403559644,True,0.0133,0.9867,0.0400895568758136,0.0542617839339211,-0.0006026641342848,-0.008034383679992,0.1210278972102789,62,84,True,0.0018041252031581207,-0.009891964150642144,-0.011696089353800265,-0.028149027651930246,0.00350651327062103,0.14378562143785623,0.6004,True,0.0018041252031581207,False,False,0.9863013698630136,0.2953624637536247,True
DANet,SAINT,46,58,True,0.0153782844596958,-0.0167246370295927,-0.0321029214892885,-0.0600462733761429,-0.0073707052767744,0.0190980901909809,True,0.0061,0.9939,0.0708340650347861,0.0673844565784701,0.0003787829865336,-0.008896614526961,0.0768949420847388,36,63,True,0.005481612148541096,-0.013185855338028882,-0.01866746748656998,-0.0427182572278336,0.003987252036382512,0.12018798120187982,0.7064,True,0.005481612148541096,False,False,0.98989898989899,0.27429510570069754,True
DANet,STG,46,58,True,0.041705005406374,0.0222515675684639,-0.01945343783791,-0.0521406451998052,0.0100567657655104,0.2147785221477852,False,0.1064,0.8936,0.0912443252322346,0.0663989192881953,0.0103174603174601,0.0072699567963507,0.4048497589265464,62,85,True,0.03346774571757664,0.03588841091682161,0.00242066519924497,-0.024734109261142046,0.027536028386402577,0.859014098590141,0.0,False,0.03346774571757664,False,False,,0.9281071892810719,True
DANet,SVM,46,58,True,0.0052372710157182,0.0060132979978795,0.0007760269821613,-0.0179790997467954,0.0196642278332917,0.938906109389061,False,0.5322,0.4678,0.0384225157388132,0.0625370385891847,0.0012000559249362,-0.0014662468656934,0.9775515691674076,62,73,True,0.000710860017089719,0.0025424376490923517,0.0018315776320026328,-0.014387544916871135,0.01870332503119623,0.833916608339166,0.4884,False,0.000710860017089719,False,False,,0.9167061865242048,True
DANet,TabNet,46,58,True,0.0118009828137193,0.0599415879881495,0.0481406051744302,0.0214643950137848,0.0748109402716581,0.0004999500049995,False,0.9999,0.0001,0.025182144129615,0.1001228391483788,0.0039251184060101,0.0191066066066067,0.0069538500695385,62,85,True,0.008908664053785605,0.045622433870867875,0.03671376981708227,0.01731056328850089,0.05699151600011497,0.00039996000399960006,0.0116,False,0.008908664053785605,False,False,,0.008741982944562687,True
DANet,VIME,46,58,True,0.0693371331924923,0.1193133314576821,0.0499761982651898,0.0009917571349992,0.0966246921712955,0.03999600039996,False,0.978,0.022,0.1103742832528465,0.1376342353730137,0.0185952741534638,0.1010064903613291,0.128443405659434,62,84,True,0.05922165288263956,0.12705107260491422,0.06782941972227466,0.025440347395338812,0.11194791349436342,0.0020997900209979003,0.0,False,0.05922165288263956,False,False,,0.023903859614038597,True
DANet,XGBoost,46,58,True,-0.0028243080664783,-0.0241377841299324,-0.0213134760634541,-0.0407804598908434,-0.0027104488598527,0.0283971602839716,False,0.0123,0.9877,0.029382868825762,0.0664694730151695,-0.0015862284168919,-0.0093090391741065,0.1085818247443548,62,85,True,-0.010561586402518277,-0.03094701202349127,-0.020385425620972994,-0.03959732814420941,-0.0019826893322665916,0.035596440355964404,0.0158,False,0.010561586402518277,False,False,,0.12170782921707829,True
DecisionTree,FTTransformer,46,58,True,-0.0281631624415824,-0.0043283351812563,0.0238348272603261,-0.0028833930362586,0.0504231393878861,0.0804919508049195,False,0.9599,0.0401,0.0687287456015881,0.0709479009981509,-0.0164805198059052,0.0,0.2097705483688919,59,80,True,-0.033007316399897034,0.003541349839322282,0.03654866623921932,0.011620887941314835,0.061593088022533785,0.0037996200379962005,0.6347,True,0.003541349839322282,False,False,0.9928057553956835,0.030596940305969402,False
DecisionTree,KNN,46,58,True,0.0154469279728743,0.0655211838173334,0.0500742558444591,0.01103470002032,0.0914015425571755,0.0143985601439856,False,0.9952,0.0048,0.0914856479740886,0.1216564888033978,0.0013695166427453,0.024090909090909,0.0629422772008513,68,96,True,-0.0009591232904972937,0.03435725044737482,0.03531637373787211,0.0033966302638924846,0.06767966848401936,0.03189681031896811,0.5382,True,0.0009591232904972937,False,False,0.9085365853658537,0.12014896071368471,False
DecisionTree,LightGBM,46,58,True,-0.0390729734720137,-0.0058826063839153,0.0331903670880984,0.0167286426028284,0.050781184823938,0.0004999500049995,False,1.0,0.0,0.0470021122379904,0.0429845202368614,-0.0194359632518658,-0.0071794871794871,0.0069538500695385,69,95,True,-0.05035538974909,-0.031602568634483165,0.018752821114606834,-0.001018099427481199,0.037826645347364796,0.05829417058294171,0.0,False,0.031602568634483165,False,False,,0.17488251174882513,True
DecisionTree,LinearModel,46,58,True,0.0259279876054544,0.0408854019946153,0.0149574143891608,-0.0345374197716037,0.065846557044717,0.5435456454354565,False,0.7294,0.2706,0.1032949279860412,0.1556458142098888,0.0023249586756695,0.00015015015015,0.7629585665286682,67,100,True,0.01615109660688021,0.04803150629991437,0.03188040969303416,-0.00462067538295882,0.07019726463343323,0.09259074092590741,0.0881,False,0.01615109660688021,False,False,,0.2361063893610639,True
DecisionTree,MLP,46,58,True,0.0145165051999017,0.0383792293491627,0.023862724149261,-0.0192424941635305,0.065467928293883,0.2614738526147385,False,0.8618,0.1382,0.1029106474283815,0.1225665194431955,-0.0025714888195364,0.0067200328407224,0.4706529347065294,71,99,True,-0.0038735732768552635,0.02927505853121369,0.03314863180806896,0.0007931659207061244,0.0650399029271622,0.042695730426957304,0.6356,True,0.0038735732768552635,False,False,1.0,0.1389882288366908,False
DecisionTree,MLP-rtdl,46,58,True,0.0031942697494084,0.0284184524585797,0.0252241827091713,-0.0278765189409982,0.0743457951078706,0.3320667933206679,False,0.8284,0.1716,0.1325575664693557,0.1321930155552478,-0.0074992975269907,0.0,0.5522415149789368,71,100,True,-0.016386288012877837,0.02399649961487377,0.040382787627751604,0.0025741534873527532,0.07676945988588121,0.0321967803219678,0.8586,True,0.016386288012877837,True,True,1.0,0.12014896071368471,False
DecisionTree,NODE,46,58,True,-0.0345984124364534,0.0063674165933798,0.0409658290298333,0.0159980214730241,0.0672287067113751,0.0020997900209979,True,0.9994,0.0006,0.0628657084722645,0.0712304517777589,-0.0188627441075612,-0.000392156862745,0.0178482151784821,58,80,True,-0.03551448953195529,0.005396550956104929,0.04091104048806022,0.01964357914584265,0.06387997651315452,0.0004999500049995,0.7715,True,0.005396550956104929,False,False,1.0,0.009561543845615438,True
DecisionTree,RandomForest,46,58,True,-0.033445285256252,-0.009283426937807,0.0241618583184449,0.0054595042490364,0.0449479162256923,0.015998400159984,False,0.9963,0.0037,0.0441674672968328,0.060568387363278,-0.0182782350382092,-0.0138284959067929,0.067993200679932,71,99,True,-0.037604062325623334,-0.024382174743504317,0.013221887582119018,-0.004898678114236426,0.031215686535368187,0.15078492150784922,0.0001,False,0.024382174743504317,False,False,,0.2996115972818303,True
DecisionTree,ResNet,46,58,True,-0.0319769792692467,-0.0116923366502678,0.0202846426189788,-0.0051764815790246,0.0458409406299121,0.1200879912008799,False,0.942,0.058,0.0721602583607185,0.0598514093827354,-0.0167633291018723,-0.007765166644477,0.2742307858766362,71,99,True,-0.04314173584881043,-0.02456965566764932,0.01857208018116111,-0.008105638346867082,0.043457891845154556,0.15758424157584242,0.0008,False,0.02456965566764932,False,False,,0.30375757604962395,True
DecisionTree,SAINT,46,58,True,-0.0221412945781113,-0.0147275188992204,0.0074137756788908,-0.0181681918853431,0.0324115981222561,0.5727427257274272,False,0.7192,0.2808,0.0792060017255402,0.045177765609302,-0.0137313984677849,-0.0189264620936284,0.7686810266341787,40,66,True,-0.0406021726354292,-0.028254847799506964,0.012347324835922237,-0.022465020098332164,0.04617142760258176,0.4804519548045195,0.0058,False,0.028254847799506964,False,False,,0.633699561078375,True
DecisionTree,STG,46,58,True,0.0041854263685668,0.0242486856988362,0.0200632593302694,-0.0175687413247031,0.0573671247960649,0.2892710728927107,False,0.8551,0.1449,0.1076010038104927,0.0816685518330733,-0.0025300605112915,0.0023994057750316,0.5029372062793721,70,93,True,-0.005596072797130553,0.023809405386881352,0.029405478184011905,-0.0034460653023661797,0.06278892213248453,0.07999200079992001,0.6651,True,0.005596072797130553,False,False,1.0,0.21909594754810233,False
DecisionTree,SVM,46,58,True,-0.0322823080220889,0.0080104161282519,0.0402927241503408,0.0081108114052764,0.0755336932534657,0.0177982201779822,True,0.9946,0.0054,0.0787128254936117,0.0985468634372677,-0.0119853585398552,-0.0036862745098039,0.0735980456008453,65,78,True,-0.036968980678971426,-0.010746296772008805,0.02622268390696262,-0.006721512050532465,0.059033051401928716,0.11688831116888311,0.21,False,0.010746296772008805,False,False,,0.27429510570069754,False
DecisionTree,TabNet,46,58,True,-0.0257185962240877,0.0619387061185219,0.0876573023426097,0.0570168272469301,0.1198350128227528,9.999000099990002e-05,True,1.0,0.0,0.0601421721040603,0.1062882145433164,-0.0128487519200015,0.0251449275362319,0.0030596940305969,71,95,True,-0.03637320937294449,0.021172515236043875,0.057545724608988366,0.02946756000210643,0.08636746343345891,9.999000099990002e-05,0.9604,True,0.021172515236043875,True,True,1.0,0.0030596940305969407,True
DecisionTree,VIME,46,58,True,0.0318175541546851,0.1213104495880545,0.0894928954333693,0.0393734580277883,0.1411048431494032,0.0007999200079992,False,0.9996,0.0004,0.1151450627312352,0.1536225440170205,0.0039586814170917,0.0832678821879384,0.0094144431710675,69,93,True,0.02952060367567018,0.10710379331861997,0.07758318964294979,0.03034358054414203,0.12339064042310034,0.0013998600139986002,0.026,False,0.02952060367567018,False,False,,0.01912308769123088,True
DecisionTree,XGBoost,46,58,True,-0.0403438871042854,-0.0221406659995601,0.0182032211047253,0.0034492223507312,0.0342903504138795,0.020997900209979,False,0.9926,0.0074,0.0439608987089529,0.0356376732233183,-0.0232967131933916,-0.0180656173636176,0.0823763777468407,71,100,True,-0.05566785684954259,-0.05312458476239744,0.0025432720871451514,-0.01987886819393109,0.024093868106463915,0.8206179382061793,0.0,False,0.05312458476239744,False,False,,0.9164565295295287,True
FTTransformer,KNN,46,58,True,0.0436100904144568,0.0698495189985898,0.026239428584133,-0.0085586256682425,0.0640678984883271,0.1547845215478452,False,0.9295,0.0705,0.062295635074298,0.1211412412591515,0.0199087229942502,0.0392320277250153,0.338314739954576,59,80,True,0.03575343027332235,0.040914921503493046,0.005161491230170699,-0.03015243577320388,0.03960774375023374,0.7642235776422358,0.0073,False,0.03575343027332235,False,False,,0.8725836371586723,True
FTTransformer,LightGBM,46,58,True,-0.0109098110304313,-0.001554271202659,0.0093555398277722,-0.0147643398216406,0.034507405271257,0.4532546745325467,False,0.7722,0.2278,0.0535497898487254,0.0754115340351978,-0.0027272436785037,0.0009054337563875,0.6866135168661353,59,79,True,-0.014233548695672903,-0.028572872248928564,-0.014339323553255661,-0.04214869496638136,0.012586550913427077,0.30496950304969506,0.0164,False,0.014233548695672903,False,False,,0.4619835046198351,True
FTTransformer,LinearModel,46,58,True,0.0540911500470369,0.0452137371758716,-0.0088774128711652,-0.0506431890857899,0.0372907849868984,0.6841315868413159,False,0.3399,0.6601,0.0890324440433471,0.1412495680013481,0.0238448771525174,0.0108108108108107,0.8427621237876213,57,80,True,0.05486502409354296,0.05904384268260006,0.004178818589057096,-0.03460132035743184,0.045795847212344,0.8388161183881612,0.0001,False,0.05486502409354296,False,False,,0.9167061865242048,True
FTTransformer,MLP,46,58,True,0.0426796676414841,0.0427075645304191,2.789688893497372e-05,-0.0319427250083249,0.0346828131026793,0.9986001399860014,False,0.4931,0.5069,0.0672949630485078,0.1023134655034035,0.0115911591971718,0.0169540229885058,0.9986001399860014,59,79,True,0.037541229747938686,0.043211285978656984,0.005670056230718298,-0.020446171738367592,0.03255732325835994,0.6735326467353264,0.0,False,0.037541229747938686,False,False,,0.8289323067693231,True
FTTransformer,MLP-rtdl,46,58,True,0.0313574321909908,0.0327467876398361,0.0013893554488452,-0.0377317102631553,0.0391025222040119,0.940905909409059,False,0.533,0.467,0.0955984469520451,0.1028441126489328,0.0036844484629295,0.0047288491444965,0.9775515691674076,59,80,True,0.02541903059765924,0.027894135540199184,0.002475104942539944,-0.028455588520739716,0.03183375815948435,0.8668133186681332,0.0018,False,0.02541903059765924,False,False,,0.9281071892810719,True
FTTransformer,NODE,46,58,True,-0.006435249994871,0.0106957517746361,0.0171310017695072,-0.0039075864570474,0.0393875585811431,0.1172882711728827,True,0.9466,0.0534,0.0237440921710073,0.0803048265063847,-0.0018543956043955,0.0,0.2718955377189553,51,70,True,-0.005672076891133727,0.0019190909693893715,0.007591167860523099,-0.012944846321631115,0.029087833492245228,0.47305269473052697,0.5636,True,0.0019190909693893715,False,False,0.9669421487603306,0.6293657590762662,True
FTTransformer,RandomForest,46,58,True,-0.0052821228146696,-0.0049550917565507,0.0003270310581188,-0.0269565960768854,0.0290655356946287,0.981901809819018,False,0.4933,0.5067,0.0520335148105063,0.0912113216916248,1.5822784810146096e-05,-0.0016862745098037,0.9960109252232672,59,79,True,-0.0037695893265615624,-0.025855983193601415,-0.022086393867039852,-0.050525236777345266,0.005668875571464562,0.12458754124587541,0.3051,False,0.0037695893265615624,False,False,,0.27429510570069754,True
FTTransformer,ResNet,46,58,True,-0.0038138168276643,-0.0073640014690115,-0.0035501846413472,-0.0203770980177321,0.0116739399869251,0.665033496650335,False,0.3431,0.6569,0.0240097151929247,0.0558706752811652,-0.0010263157894737,0.0,0.8409101238636467,59,79,True,-0.004283592386028889,-0.01664751789925025,-0.012363925513221363,-0.03571248189346367,0.00612462092725033,0.2400759924007599,0.1186,False,0.004283592386028889,False,False,,0.4048210563559029,True
FTTransformer,SAINT,46,58,True,0.006021867863471,-0.0103991837179641,-0.0164210515814352,-0.0422170232806915,0.0081093467807266,0.1994800519948005,True,0.0983,0.9017,0.0638359729396845,0.0668250222262073,0.00046875,-0.0025276099437236,0.3863347842430946,38,65,True,0.00346871200172142,-0.019082973394992563,-0.022551685396713983,-0.046228868380942714,-0.0010161701184049714,0.051294870512948704,0.7739,True,0.00346871200172142,False,False,1.0,0.15696230376962303,True
FTTransformer,STG,46,58,True,0.0323485888101493,0.0285770208800925,-0.0037715679300567,-0.0353417599476135,0.0262041195095279,0.8137186281371863,False,0.4086,0.5914,0.0706468188493339,0.0916775208632804,0.009385532591415,0.0075966761274143,0.9196948918246862,59,77,True,0.031768060045249055,0.026477607845958023,-0.005290452199291033,-0.034042264125062664,0.0217526400461421,0.7082291770822917,0.01,False,0.026477607845958023,False,False,,0.8399927449115553,True
FTTransformer,SVM,46,58,True,-0.0041191455805064,0.0123387513095082,0.0164578968900147,-0.0074915816506168,0.0427912162433508,0.1977802219778022,True,0.9057,0.0943,0.035991628137333,0.0905629240763728,0.0,0.0099033589695976,0.3863347842430946,58,69,True,-0.0033069952582195166,0.0006262678400079787,0.003933263098227495,-0.026921871118218827,0.03281463307377015,0.7958204179582041,0.5065,True,0.0006262678400079787,False,False,0.8976377952755905,0.8952979702029796,True
FTTransformer,TabNet,46,58,True,0.0024445662174946,0.0662670412997782,0.0638224750822835,0.0340935342870763,0.0960805842271147,0.0002999700029997,False,1.0,0.0,0.051287520101187,0.1075312080917059,0.0061709357338611,0.0278968253968254,0.006556487208422,59,77,True,0.00252577925536897,0.038517932138567065,0.0359921528831981,0.006624371727146733,0.06524699353607467,0.0173982601739826,0.3197,False,0.00252577925536897,False,False,,0.08298261082982611,True
FTTransformer,VIME,46,58,True,0.0599807165962676,0.1256387847693108,0.0656580681730432,0.0216543765076399,0.1109961678869114,0.0035996400359964,False,0.9989,0.0011,0.0906561391904498,0.1423181790665217,0.0265159346314574,0.067492291894349,0.0246105824200188,59,77,True,0.05479582004709895,0.11135787196692937,0.056562051919830415,0.02030903318352463,0.09297872674456742,0.0021997800219978004,0.0,False,0.05479582004709895,False,False,,0.023903859614038597,True
FTTransformer,XGBoost,46,58,True,-0.012180724662703,-0.0178123308183037,-0.0056316061556007,-0.0307104616720447,0.0205107645794822,0.6581341865813418,False,0.3266,0.6734,0.0552135247513717,0.0764473946835703,-0.0037415716987199,-0.0026894885890387,0.8409101238636467,59,80,True,-0.015555308577480921,-0.05051849901502152,-0.0349631904375406,-0.06590707391386204,-0.005248632528340344,0.025097490250974904,0.0073,False,0.015555308577480921,False,False,,0.10378151374051785,True
KNN,LightGBM,46,58,True,-0.0545199014448881,-0.0714037902012488,-0.0168838887563607,-0.0574665552588675,0.0215934345741109,0.3897610238976102,False,0.197,0.803,0.0817088837593194,0.125137747685134,-0.0207614436203763,-0.0412554748732134,0.6277203858561512,68,93,True,-0.048511576812045695,-0.07333333003267975,-0.024821753220634055,-0.052710123585194606,0.003728588559768641,0.0837916208379162,0.0,False,0.048511576812045695,False,False,,0.22491435067019613,True
KNN,LinearModel,46,58,True,0.01048105963258,-0.0246357818227181,-0.0351168414552982,-0.071641609123573,0.0007080723794332,0.0578942105789421,True,0.0284,0.9716,0.0775675364034891,0.1099268612879528,0.0026252367016698,-0.0105555555555555,0.1703425811265027,65,96,True,0.01757412106378886,0.01629190939567512,-0.0012822116681137398,-0.0352575655065133,0.032874580450692144,0.940905909409059,0.1551,False,0.01629190939567512,False,False,,0.9583326435568364,False
KNN,MLP,46,58,True,-0.0009304227729726,-0.0271419544681707,-0.026211531695198,-0.0573564108000899,0.0042575839670329,0.0934906509349065,False,0.0458,0.9542,0.0616141206238571,0.0967027548100899,-0.0015451782583285,-0.0204434521518206,0.2307107998877531,68,95,True,0.0013781024531085045,-0.0032958048891347925,-0.004673907342243297,-0.030489310491643294,0.021846385543784024,0.7302269773022698,0.5245,True,0.0013781024531085045,False,False,0.9570552147239264,0.8459018759778157,False
KNN,MLP-rtdl,46,58,True,-0.0122526582234659,-0.0371027313587537,-0.0248500731352877,-0.0602222770833531,0.0099323891515499,0.1614838516148385,False,0.0773,0.9227,0.0912407520028314,0.0941308612172488,-0.0090165108123904,-0.0204367866549603,0.3479863281277506,68,96,True,-0.011007757260763803,-0.010241574322965791,0.0007661829377980118,-0.028988590306051297,0.03140853798638756,0.9605039496050395,0.2733,False,0.010241574322965791,False,False,,0.9658034196580341,True
KNN,NODE,46,58,True,-0.0500453404093278,-0.0591537672239536,-0.0091084268146258,-0.0411650354526792,0.0213809512585599,0.5632436756324367,False,0.2818,0.7182,0.0659466129561706,0.0978455602730423,-0.0193750024257203,-0.0333333333333333,0.7660065851821899,58,78,True,-0.04705192925528188,-0.051732311186243954,-0.004680381930962076,-0.031457715112747184,0.02193695949514865,0.7332266773322668,0.0,False,0.04705192925528188,False,False,,0.8459018759778157,True
KNN,RandomForest,46,58,True,-0.0488922132291264,-0.0748046107551406,-0.0259123975260141,-0.0645499121767814,0.0115784367500135,0.1737826217378262,False,0.0842,0.9158,0.0786418545482279,0.1162918160997792,-0.0192997487698899,-0.0431644536745133,0.359307312511992,68,95,True,-0.034589726098511374,-0.05797391798161297,-0.023384191883101597,-0.0505252971867978,0.003295379358296442,0.09019098090190981,0.0,False,0.034589726098511374,False,False,,0.2361063893610639,True
KNN,ResNet,46,58,True,-0.0474239072421211,-0.0772135204676013,-0.0297896132254802,-0.0638753149832029,0.0026795684207226,0.0808919108089191,False,0.0369,0.9631,0.0645495914875132,0.1096757571931293,-0.0168655660377357,-0.0398307226680851,0.2097705483688919,68,95,True,-0.03765140062447215,-0.05583476578370021,-0.01818336515922806,-0.04385200788252222,0.006842363469785841,0.15848415158484153,0.0,False,0.03765140062447215,False,False,,0.30375757604962395,True
KNN,SAINT,46,58,True,-0.0375882225509857,-0.0802487027165539,-0.0426604801655682,-0.0838592087707966,-0.0039502791183824,0.0353964603539646,False,0.0141,0.9859,0.0947142021059304,0.1147765839413669,-0.0183972132605681,-0.0489420062695925,0.1210278972102789,40,66,True,-0.027797290423143543,-0.06841805945786635,-0.0406207690347228,-0.08022757006031733,-0.0013632898168321238,0.04459554044595541,0.0169,False,0.027797290423143543,False,False,,0.14214828517148287,True
KNN,STG,46,58,True,-0.0112615016043075,-0.0412724981184972,-0.0300109965141897,-0.0628174280521697,0.0012356550488861,0.0655934406559344,False,0.0298,0.9702,0.0888171936466479,0.0827171901495495,0.0006149635036496,-0.0173351648351648,0.1824690258246902,67,90,True,-0.0013712753504392674,-0.01362533009466408,-0.012254054744224812,-0.04082037630814182,0.017332554984924094,0.4072592740725927,0.4549,False,0.0013712753504392674,False,False,,0.5769506382695063,True
KNN,SVM,46,58,True,-0.0477292359949633,-0.0575107676890816,-0.0097815316941183,-0.0442973094372606,0.0233522205345635,0.5641435856414359,False,0.2806,0.7194,0.0641816519672575,0.1107884762571399,-0.0188916870545685,-0.0297599076232596,0.7660065851821899,65,78,True,-0.03759905113609884,-0.049093673542518375,-0.011494622406419533,-0.03903490968991524,0.015589880915780771,0.40705929407059294,0.0,False,0.03759905113609884,False,False,,0.5769506382695063,True
KNN,TabNet,46,58,True,-0.0411655241969621,-0.0035824776988115,0.0375830464981505,-0.0055210034340043,0.0796135030611465,0.0844915508449155,False,0.9566,0.0434,0.075279960756589,0.1420548676402536,-0.0125610260759866,-0.0012226290751464,0.2154534546545345,68,91,True,-0.030933317308284386,-0.012458210611569875,0.01847510669671451,-0.012511396780484726,0.04894392834556412,0.23827617238276172,0.1706,False,0.012458210611569875,False,False,,0.4048210563559029,True
KNN,VIME,46,58,True,0.0163706261818108,0.055789265770721,0.0394186395889101,-0.0005247910222077,0.0818972388972766,0.0617938206179382,False,0.9732,0.0268,0.0742493906582178,0.1361497524429375,0.0002479585170668,0.0002191821763277,0.1773489317734893,68,91,True,0.020445156011818094,0.0719370763057274,0.05149192029390931,0.013443317774052282,0.09087782278830062,0.010798920107989201,0.0041,False,0.020445156011818094,False,False,,0.06354749140470568,True
KNN,XGBoost,46,58,True,-0.0557908150771598,-0.0876618498168936,-0.0318710347397337,-0.0724974262712763,0.0069624593268889,0.1114888511148885,False,0.0539,0.9461,0.0835011838184824,0.1235339011066427,-0.0198416061110588,-0.0451215940921823,0.2657226585033804,68,96,True,-0.05063126505870998,-0.08494414686452029,-0.034312881805810304,-0.061936381669122686,-0.006970127345708514,0.013998600139986002,0.0,False,0.05063126505870998,False,False,,0.07139286071392861,True
LightGBM,LinearModel,46,58,True,0.0650009610774682,0.0467680083785306,-0.0182329526989375,-0.0674852849131839,0.031277596552309,0.4660533946605339,False,0.2299,0.7701,0.1036913598734932,0.1555086473044696,0.0190334199338687,0.0085098737657792,0.6898881540417386,66,95,True,0.06843048301950555,0.08418914013119227,0.015758657111686725,-0.027465865082407975,0.05849585554330476,0.46095390460953906,0.0,False,0.06843048301950555,False,False,,0.6241234283651281,True
LightGBM,MLP,46,58,True,0.0535894786719154,0.0442618357330781,-0.0093276429388373,-0.0532187958682257,0.0339000291946049,0.671032896710329,False,0.3362,0.6638,0.099738121117103,0.1248570702304485,0.0159197322622264,0.0098977930450716,0.8415412557104944,69,94,True,0.04931094685344389,0.06349411152653409,0.014183164673090193,-0.019300668054282995,0.04770242571992068,0.4052594740525947,0.0,False,0.04931094685344389,False,False,,0.5769506382695063,True
LightGBM,MLP-rtdl,46,58,True,0.0422672432214221,0.0343010588424951,-0.007966184378927,-0.0578019547982025,0.0398652863955009,0.7603239676032397,False,0.3849,0.6151,0.1244439707102833,0.137476212734903,0.00546538649072,0.0031963876768285,0.9195946547077576,69,95,True,0.03693792568614945,0.05741446429501091,0.020476538608861457,-0.01799810796888988,0.058287638110088434,0.29057094290570945,0.0,False,0.03693792568614945,False,False,,0.44901009899010097,True
LightGBM,NODE,46,58,True,0.0044745610355602,0.0122500229772952,0.0077754619417349,-0.0152022655411119,0.0310651561393,0.5114488551144886,False,0.7436,0.2564,0.0386951697859224,0.0792387732840473,0.0003164298546464,0.0026567256912083,0.7382233474765731,58,78,True,0.0056467061549822905,0.018486059518300353,0.012839353363318063,-0.007389754831178211,0.0336761343505024,0.21727827217278273,0.1602,False,0.0056467061549822905,False,False,,0.37776790502767904,True
LightGBM,RandomForest,46,58,True,0.0056276882157616,-0.0034008205538917,-0.0090285087696534,-0.0242410174762012,0.0090185025671595,0.2770722927707229,True,0.1417,0.8583,0.0133462613885551,0.0636422869082442,0.0034087026683951,-0.0036508111090812,0.4929309394641931,69,94,True,0.014140167576899247,0.015496314087866133,0.001356146510966886,-0.01414908108457394,0.01791064258569296,0.8735126487351265,0.0123,False,0.014140167576899247,False,False,,0.9281071892810719,False
LightGBM,ResNet,46,58,True,0.007095994202767,-0.0058097302663525,-0.0129057244691195,-0.0354894154217219,0.0086671147949379,0.2455754424557544,True,0.1227,0.8773,0.0515532398677828,0.0637046335203298,-6.431629240150061e-05,-0.0031116940659849,0.4472981273301241,69,94,True,0.010657026636200847,0.01600561387188567,0.0053485872356848225,-0.015429554724611437,0.02571564351800393,0.5997400259974003,0.0598,False,0.010657026636200847,False,False,,0.7583489584925804,False
LightGBM,SAINT,46,58,True,0.0169316788939024,-0.0088449125153051,-0.0257765914092075,-0.0510396035288001,-0.0031798403368526,0.0353964603539646,True,0.0122,0.9878,0.064201590321756,0.0593913627603809,0.0031734132933533,-0.0041741582159585,0.1210278972102789,40,65,True,0.019652318471182158,0.0030104532321080305,-0.016641865239074127,-0.04807328938138007,0.012951391041407755,0.27687231276872315,0.402,False,0.0030104532321080305,False,False,,0.4322598352409658,False
LightGBM,STG,46,58,True,0.0432583998405806,0.0301312920827516,-0.013127107757829,-0.0490154597543942,0.0221718505964865,0.4734526547345265,False,0.2342,0.7658,0.0980443051645353,0.0894180852561785,0.0104547591069329,0.0080128205128204,0.6898881540417386,68,88,True,0.04711182305045157,0.059079661154644005,0.011967838104192434,-0.02170331818085373,0.044441578028683704,0.4707529247075293,0.0,False,0.04711182305045157,False,False,,0.6293657590762662,True
LightGBM,SVM,46,58,True,0.0067906654499248,0.0138930225121672,0.0071023570622424,-0.0212064596414956,0.0391207100767084,0.6488351164883511,False,0.6651,0.3349,0.054887092905768,0.1013561871595403,0.0017298894683612,0.0061790833935508,0.8409101238636467,65,75,True,0.011889662168634322,0.023522263386411033,0.011632601217776711,-0.014950771579852817,0.039220586947608396,0.40055994400559947,0.055,False,0.011889662168634322,False,False,,0.5769506382695063,True
LightGBM,TabNet,46,58,True,0.0133543772479259,0.0678213125024372,0.0544669352545112,0.0278805678719447,0.0834661463099414,0.0004999500049995,False,1.0,0.0,0.0340140095242675,0.1034498068936832,0.00592297873385,0.0302613574165298,0.0069538500695385,69,90,True,0.01734917499749563,0.05949820783744531,0.04214903283994968,0.020649668100940592,0.06530722420865481,0.00019998000199980003,0.0,False,0.01734917499749563,False,False,,0.005099490050994901,True
LightGBM,VIME,46,58,True,0.0708905276266989,0.1271930559719698,0.0563025283452709,0.0057657102594985,0.105962347475485,0.0290970902909709,False,0.9848,0.0152,0.1155679690345675,0.1470971910663798,0.0255823123063897,0.0915161830832594,0.1085818247443548,68,89,True,0.06895673282386378,0.13806052146837225,0.06910378864450847,0.027059332283937743,0.112526119322548,0.0014998500149985001,0.0,False,0.06895673282386378,False,False,,0.01912308769123088,True
LightGBM,XGBoost,46,58,True,-0.0012709136322716,-0.0162580596156447,-0.014987145983373,-0.0249425099756825,-0.005557176799184,0.0030996900309969,False,0.0008,0.9992,0.0115046727716737,0.0352475058964874,-0.0008676081667196,-0.0028381642512076,0.0225834559401202,69,95,True,-0.002056462951163978,-0.012986692321683358,-0.01093022937051938,-0.018046305468068617,-0.004092215056785841,0.0024997500249975004,0.0956,False,0.002056462951163978,False,False,,0.023903859614038597,True
LinearModel,MLP,46,58,True,-0.0114114824055527,-0.0025061726454525,0.0089053097601002,-0.0235118925070556,0.0422443360374635,0.5981401859814018,False,0.7055,0.2945,0.0717978233770875,0.0991836565323137,-0.0037209521002625,0.0,0.7889262797858145,67,99,True,-0.016738818879706917,-0.01847276309510028,-0.001733944215393364,-0.028071140531443287,0.025097329639996883,0.9000099990001,0.0606,False,0.016738818879706917,False,False,,0.9304157422095629,True
LinearModel,MLP-rtdl,46,58,True,-0.022733717856046,-0.0124669495360355,0.0102667683200105,-0.0372700607606873,0.0562340134531308,0.6627337266273373,False,0.6747,0.3253,0.1109714859333781,0.1331837017964147,-0.0078897251631472,0.0,0.8409101238636467,67,100,True,-0.029938236325297313,-0.024035006685040612,0.005903229640256701,-0.030105472311815876,0.039373691905376394,0.7353264673532647,0.0359,False,0.024035006685040612,False,False,,0.8459018759778157,True
LinearModel,NODE,46,58,True,-0.0605264000419079,-0.0345179854012354,0.0260084146406724,-0.0151440545212925,0.0684895465029205,0.216978302169783,False,0.8927,0.1073,0.0936077927163351,0.1218801291096403,-0.0182947757876597,-0.0084361716714657,0.4048497589265464,56,80,True,-0.06058954082414093,-0.03907043548828841,0.021519105335852523,-0.011426983504340875,0.05575804043754426,0.21307869213078692,0.0009,False,0.03907043548828841,False,False,,0.37472459650586665,True
LinearModel,RandomForest,46,58,True,-0.0593732728617065,-0.0501688289324224,0.0092044439292841,-0.0340117867696041,0.0545509223151163,0.6811318868113189,False,0.6648,0.3352,0.0999168578629211,0.1289514858063181,-0.0136160679983625,-0.0137997325433135,0.8427621237876213,67,99,True,-0.053608789805927835,-0.07322685906947408,-0.01961806926354625,-0.05372698081622093,0.01543505630490171,0.268973102689731,0.0,False,0.053608789805927835,False,False,,0.4322598352409658,True
LinearModel,ResNet,46,58,True,-0.0579049668747012,-0.0525777386448831,0.005327228229818,-0.0380202296258046,0.047610137331814,0.8084191580841916,False,0.6032,0.3968,0.0886604871522339,0.1354087235965145,-0.020782605723873,-0.0236627417739969,0.9196948918246862,67,99,True,-0.05831753173677824,-0.07231747729396329,-0.013999945557185048,-0.048088226918447836,0.01956259080619611,0.41205879412058793,0.0,False,0.05831753173677824,False,False,,0.5783944541325684,True
LinearModel,SAINT,46,58,True,-0.0480692821835658,-0.0556129208938357,-0.0075436387102699,-0.0608878895327626,0.0435333181614802,0.7731226877312268,False,0.3874,0.6126,0.1218275881795932,0.1514348915530232,-0.0126902627050294,-0.0167628685657171,0.9196948918246862,38,66,True,-0.06608394859449844,-0.08992048393898669,-0.02383653534448825,-0.08121114667279876,0.03136454086782543,0.39806019398060194,0.0,False,0.06608394859449844,False,False,,0.5769506382695063,True
LinearModel,STG,46,58,True,-0.0217425612368875,-0.016636716295779,0.0051058449411085,-0.040283090151544,0.0487954402208596,0.8192180781921807,False,0.5922,0.4078,0.1160129583921645,0.1213155203962264,-0.0045995956760288,0.0012845029767272,0.9196948918246862,67,93,True,-0.020232169013739504,-0.018841446703056895,0.0013907223106826086,-0.03453187701396099,0.036276026793080236,0.9364063593640636,0.1109,False,0.018841446703056895,False,False,,0.9583326435568364,True
LinearModel,SVM,46,58,True,-0.0582102956275433,-0.0328749858663634,0.0253353097611799,-0.0119831639558982,0.0641830853659889,0.192980701929807,False,0.9075,0.0925,0.0931772329435552,0.1064655447567719,-0.0223110793305225,-0.0001783560448584,0.3863347842430946,64,78,True,-0.05413395128242965,-0.051929081300522574,0.0022048699819070747,-0.03298453357407887,0.03639740903242915,0.897010298970103,0.0,False,0.051929081300522574,False,False,,0.9304157422095629,True
LinearModel,TabNet,46,58,True,-0.0516465838295422,0.0210533041239065,0.0726998879534488,0.0179652671127736,0.124296466148555,0.0077992200779922,True,0.9949,0.0051,0.1004239662273919,0.1786987797775514,-0.011436262332814,0.0275,0.0397760223977602,67,95,True,-0.05097911083545045,-0.021617681660793277,0.029361429174657176,-0.01305332349007777,0.06957473110200119,0.16478352164783522,0.1171,False,0.021617681660793277,False,False,,0.30375757604962395,False
LinearModel,VIME,46,58,True,0.0058895665492307,0.0804250475934391,0.0745354810442084,0.0298434819120445,0.1198960863636824,0.0010998900109989,False,0.9997,0.0003,0.0727200008824222,0.1578651050827908,-0.0012759268332516,0.0238200079614335,0.0120202265487736,65,93,True,0.0026228638248684253,0.06116527915822422,0.058542415333355795,0.01926461742132467,0.09893544762945311,0.0029997000299970002,0.3654,False,0.0026228638248684253,False,False,,0.026997300269973004,True
LinearModel,XGBoost,46,58,True,-0.0662718747097399,-0.0630260679941754,0.0032458067155644,-0.0465156109092143,0.0517985456294432,0.8987101289871013,False,0.5519,0.4481,0.1036125197698917,0.15286039698008,-0.0199922529238432,-0.0208951828046532,0.96832851926075,67,100,True,-0.0716198689536628,-0.10115609106231181,-0.029536222108649007,-0.07153003456722369,0.011633919338902782,0.1621837816218378,0.0,False,0.0716198689536628,False,False,,0.30375757604962395,True
MLP,MLP-rtdl,46,58,True,-0.0113222354504932,-0.009960776890583,0.0013614585599102,-0.0287420568538446,0.0302819199383375,0.9257074292570744,False,0.5397,0.4603,0.0611630686249109,0.0929375522924334,-0.0057888532535733,-0.0005576429514392,0.9775515691674076,71,99,True,-0.012512714736022574,-0.0054225801239830155,0.0070901346120395585,-0.013364916475152148,0.02633240727912381,0.48605139486051396,0.2614,False,0.0054225801239830155,False,False,,0.6356056702022105,True
MLP,NODE,46,58,True,-0.0491149176363551,-0.0320118127557829,0.0171031048805722,-0.0135999638725889,0.0488139855840683,0.2853714628537146,False,0.8622,0.1378,0.0775955222385546,0.0859761090271242,-0.0140645970800898,-0.0056579599247519,0.501860158811705,58,79,True,-0.044589491436935524,-0.03332530831460306,0.011264183122332468,-0.014028219457076522,0.03846594004692946,0.39306069393060694,0.0001,False,0.03332530831460306,False,False,,0.5769506382695063,True
MLP,RandomForest,46,58,True,-0.0479617904561537,-0.0476626562869698,0.0002991341691838,-0.0376350115400941,0.0392177624163634,0.9895010498950104,False,0.4933,0.5067,0.0984872592168293,0.1020007465292556,-0.0157682849661862,-0.0167729567353834,0.9960109252232672,71,98,True,-0.03373048904876807,-0.05442633671056237,-0.020695847661794303,-0.04995548333121549,0.009143100503550957,0.17348265173482652,0.0,False,0.03373048904876807,False,False,,0.31226877312268775,True
MLP,ResNet,46,58,True,-0.0464934844691484,-0.0500715659994306,-0.0035780815302822,-0.0388906172900931,0.0300177779553169,0.8365163483651635,False,0.4247,0.5753,0.0735833865254405,0.1078650611819217,-0.0114115059777377,-0.0204054054054053,0.9274420384048552,71,99,True,-0.03926816257195518,-0.05384471419886302,-0.014576551626907838,-0.041263909975704206,0.010805378040163025,0.26747325267473254,0.0,False,0.03926816257195518,False,False,,0.4322598352409658,True
MLP,SAINT,46,58,True,-0.036657799778013,-0.0531067482483832,-0.0164489484703702,-0.0602752279012151,0.0255758545658373,0.450954904509549,False,0.2264,0.7736,0.1071062335977418,0.1182513377197594,-0.0091642224741279,-0.0207513028462537,0.6866135168661353,40,66,True,-0.03631258420200349,-0.05843095776880847,-0.022118373566804975,-0.06038549412873627,0.01575819872105285,0.25937406259374063,0.0001,False,0.03631258420200349,False,False,,0.4267121674929281,True
MLP,STG,46,58,True,-0.0103310788313348,-0.0141305436503265,-0.0037994648189916,-0.0379502680798453,0.0293042427710575,0.8235176482351765,False,0.4063,0.5937,0.0910769943031405,0.0846703461815266,-0.0012298553475432,0.0,0.9196948918246862,70,92,True,-0.001724412403221023,-0.007477330003963731,-0.005752917600742708,-0.03239767771255787,0.020318537541942808,0.6727327267273273,0.4555,False,0.001724412403221023,False,False,,0.8289323067693231,True
MLP,SVM,46,58,True,-0.0467988132219906,-0.0303688132209109,0.0164300000010797,-0.0173999111769345,0.049467291177062,0.3310668933106689,False,0.8375,0.1625,0.079434544201753,0.0916536194697379,-0.0135839545235159,-0.0014654952088272,0.5522415149789368,65,77,True,-0.039966816058367605,-0.03450461769281648,0.0054621983655511255,-0.022648702606525364,0.032740287117772035,0.6947305269473053,0.0,False,0.03450461769281648,False,False,,0.8369588238026592,True
MLP,TabNet,46,58,True,-0.0402351014239895,0.0235594767693591,0.0637945781933486,0.0183940265640159,0.1090160838788049,0.0062993700629937,True,0.9968,0.0032,0.0917026216751395,0.1441646675481084,-0.0059407777821298,0.0124508487238489,0.0344215578442155,71,94,True,-0.032499636096089225,-0.005605185660340766,0.02689445043574846,-0.005393414663482021,0.059519922574414415,0.10358964103589641,0.3459,False,0.005605185660340766,False,False,,0.259823198008068,False
MLP,VIME,46,58,True,0.0173010489547834,0.0829312202388917,0.0656301712841082,0.0342215653967744,0.1000413979311651,0.0002999700029997,False,1.0,0.0,0.0383363417301251,0.1214448702254887,0.0076553025539783,0.0275000000000002,0.006556487208422,69,93,True,0.029956350919142376,0.07569296814903947,0.045736617229897095,0.009090707232989955,0.08067119772247937,0.0136986301369863,0.0,False,0.029956350919142376,False,False,,0.07139286071392861,True
MLP,XGBoost,46,58,True,-0.0548603923041871,-0.0605198953487229,-0.0056595030445357,-0.048330695076803,0.0367831066467898,0.7902209779022098,False,0.3909,0.6091,0.1012199516728371,0.1227413937479217,-0.0160073681805696,-0.0191281033063302,0.9196948918246862,71,99,True,-0.051794283572687325,-0.08272336013641755,-0.03092907656373023,-0.06560769366409652,0.0039430190341445725,0.0801919808019198,0.0,False,0.051794283572687325,False,False,,0.21909594754810233,True
MLP-rtdl,NODE,46,58,True,-0.0377926821858618,-0.0220510358651999,0.0157416463206619,-0.0254657438209625,0.0600821060937616,0.4596540345965403,False,0.7632,0.2368,0.1056568412893377,0.1152758853814024,-0.0068996582392212,-0.0018509776884398,0.6894810518948106,58,80,True,-0.033121152389299066,-0.023540768565942522,0.009580383823356544,-0.022342897841734686,0.04312997580285096,0.571942805719428,0.0139,False,0.023540768565942522,False,False,,0.7353550359249789,True
MLP-rtdl,RandomForest,46,58,True,-0.0366395550056604,-0.0377018793963868,-0.0010623243907263,-0.0497776140985088,0.0502899675194822,0.9655034496550344,False,0.4721,0.5279,0.1243950236804159,0.1401252607769453,-0.0022211302211303,-0.0087207207207207,0.9914230053504716,71,99,True,-0.021217774312745494,-0.04868514492036171,-0.027467370607616216,-0.06299316564365355,0.009065078658207316,0.13858614138586142,0.0273,False,0.021217774312745494,False,False,,0.2904613648224219,True
MLP-rtdl,ResNet,46,58,True,-0.0351712490186551,-0.0401107891088476,-0.0049395400901925,-0.0439208990625147,0.0370944742781467,0.808019198080192,False,0.3971,0.6029,0.1006975613624882,0.1090609062924708,-0.0025514806608343,-0.0029483144386563,0.9196948918246862,71,99,True,-0.026755447835932603,-0.04842213407487998,-0.02166668623894738,-0.050405359499186654,0.008024527251977285,0.14478552144785523,0.0,False,0.026755447835932603,False,False,,0.2953624637536247,True
MLP-rtdl,SAINT,46,58,True,-0.0253355643275197,-0.0431459713578002,-0.0178104070302804,-0.0636122064163176,0.0300509003449609,0.4460553944605539,False,0.22,0.78,0.1229785948588141,0.1226537840348068,-0.0031737641557729,-0.0079255724335707,0.6866135168661353,40,66,True,-0.01914293968095606,-0.05137252386772817,-0.03222958418677211,-0.07238645488745318,0.011990678261749979,0.1272872712728727,0.0659,False,0.01914293968095606,False,False,,0.27429510570069754,True
MLP-rtdl,STG,46,58,True,0.0009911566191584,-0.0041697667597435,-0.0051609233789019,-0.0458509331149124,0.0364845675454808,0.8085191480851914,True,0.3981,0.6019,0.1056770921192127,0.1111811827940717,0.0012353761935273,0.0014216835858361,0.9196948918246862,70,93,True,0.01094288003263747,0.0011105600006761634,-0.009832320031961305,-0.03898607230860676,0.020928377234037034,0.5165483451654834,0.4657,False,0.0011105600006761634,False,False,,0.6697618373755845,False
MLP-rtdl,SVM,46,58,True,-0.0354765777714973,-0.0204080363303278,0.0150685414411694,-0.0299662942208323,0.0632854613595989,0.51994800519948,False,0.7371,0.2629,0.1107163290100365,0.1327691276572866,-0.0038335060051417,-0.0001516301099002,0.7434770541637424,65,78,True,-0.027275451397872196,-0.026472679711384846,0.0008027716864873503,-0.036813160107152694,0.038691299055368104,0.9658034196580342,0.0367,False,0.026472679711384846,False,False,,0.9658034196580341,True
MLP-rtdl,TabNet,46,58,True,-0.0289128659734962,0.0335202536599421,0.0624331196334383,0.014327139241748,0.1116147868413166,0.0140985901409859,True,0.9948,0.0052,0.117691613108913,0.1425546740215438,-0.0006838855207889,0.0150536270326375,0.0629422772008513,71,95,True,-0.01998692136006666,-0.0005239343783077549,0.019462986981758905,-0.014712147954170342,0.05521504500833144,0.27407259274072593,0.4882,False,0.0005239343783077549,False,False,,0.4322598352409658,False
MLP-rtdl,VIME,46,58,True,0.0286232844052767,0.0928919971294747,0.0642687127241979,0.0247350389202612,0.1052951188893101,0.0018998100189981,False,0.9996,0.0004,0.081073939031797,0.1271292723175996,0.0115821043922548,0.0369759779646051,0.0170982901709829,69,93,True,0.04246001390838299,0.08118197847763588,0.038721964569252885,-0.0002000060858611338,0.07406433758606905,0.041995800419958006,0.0,False,0.04246001390838299,False,False,,0.1389882288366908,True
MLP-rtdl,XGBoost,46,58,True,-0.0435381568536938,-0.0505591184581398,-0.007020961604446,-0.0556107489704801,0.0426549061446029,0.7794220577942206,False,0.3808,0.6192,0.1262106459285901,0.1336864683351804,-0.0054100006140402,-0.0047903259705351,0.9196948918246862,71,100,True,-0.039281568836664754,-0.0771210843772712,-0.03783951554060645,-0.07515434995663638,0.0008460504162549442,0.05089491050894911,0.0,False,0.039281568836664754,False,False,,0.15696230376962303,True
NODE,RandomForest,46,58,True,0.0011531271802014,-0.0156508435311869,-0.0168039707113883,-0.0359475594134309,0.0020050555340363,0.078992100789921,True,0.0384,0.9616,0.0381406018936563,0.0600466817255216,0.0026230661040787,-0.004033665167789,0.2097705483688919,58,79,True,0.0054381085016388915,-0.018177161159516078,-0.02361526966115497,-0.0405709145025723,-0.006956459547594371,0.006899310068993101,0.8455,True,0.0054381085016388915,True,False,1.0,0.0458954104589541,True
NODE,ResNet,46,58,True,0.0026214331672067,-0.0180597532436477,-0.0206811864108544,-0.0412401462459332,-0.0016834186715016,0.0402959704029597,True,0.0161,0.9839,0.0247731757123937,0.0718239141059395,0.0,-0.002036682666076,0.128443405659434,58,79,True,0.004597786858593708,-0.012718509385671374,-0.017316296244265082,-0.0340313859950136,-0.0019600151141182403,0.034396560343965606,0.854,True,0.004597786858593708,False,False,1.0,0.12170782921707829,True
NODE,SAINT,46,58,True,0.0124571178583421,-0.0210949354926003,-0.0335520533509424,-0.0594703980784633,-0.0107365735623144,0.0087991200879912,True,0.0012,0.9988,0.062376189497741,0.067089115294103,0.0,-0.0030874708580242,0.0434279152729888,34,58,True,0.012092228760997558,-0.01956434773813768,-0.03165657649913524,-0.057571395474117826,-0.009662046946598682,0.009999000099990002,0.9493,True,0.012092228760997558,True,True,1.0,0.06119388061193881,True
NODE,STG,46,58,True,0.0387838388050203,0.0178812691054563,-0.0209025696995639,-0.0490285723375839,0.0041954530918677,0.1220877912208779,False,0.0544,0.9456,0.0780849422557481,0.056591763895654,0.0095138500485706,0.0056778570174372,0.2746975302469753,57,76,True,0.04376992590462366,0.0287638283242544,-0.015006097580369263,-0.041094975247551346,0.009209802902680581,0.24077592240775922,0.0,False,0.0287638283242544,False,False,,0.4048210563559029,True
NODE,SVM,46,58,True,0.0023161044143645,0.001642999534872,-0.0006731048794925,-0.0204733677187191,0.018590600048863,0.9456054394560544,False,0.4824,0.5176,0.029869025695904,0.0686178100008378,0.0014211281601954,0.0,0.9775515691674076,56,67,True,0.00645776615826567,0.0028282291065333596,-0.0036295370517323102,-0.021233130960405525,0.01393006002046683,0.6772322767723228,0.3699,False,0.0028282291065333596,False,False,,0.8289323067693231,True
NODE,TabNet,46,58,True,0.0088798162123656,0.055571289525142,0.0466914733127763,0.0153778968122463,0.0779983952050322,0.0036996300369963,False,0.9981,0.0019,0.0413420710103899,0.1123991012670238,0.0065565905942374,0.0176666648556323,0.0246105824200188,58,77,True,0.011710747233866736,0.04385290917618591,0.03214216194231917,0.006832866542285964,0.05698201809432557,0.012998700129987,0.0138,False,0.011710747233866736,False,False,,0.07102861142457183,True
NODE,VIME,46,58,True,0.0664159665911386,0.1149430329946746,0.0485270664035359,0.0036290586081102,0.0937132936623779,0.0354964503549645,False,0.9821,0.0179,0.0973022708664459,0.1390374309543307,0.0189132499300468,0.0675087064843619,0.1210278972102789,58,75,True,0.06576238652195489,0.10539195838923708,0.03962957186728219,0.00254899346704428,0.07701728605962976,0.0357964203579642,0.0,False,0.06576238652195489,False,False,,0.12170782921707829,True
NODE,XGBoost,46,58,True,-0.0057454746678319,-0.0285080825929399,-0.0227626079251079,-0.0459505936842483,-0.0002769281663965,0.0510948905109489,False,0.0235,0.9765,0.0414744980016902,0.0750346348362202,-0.0022540148111562,-0.0065863940863941,0.1563503649635036,58,80,True,-0.008499961915850755,-0.03252265468878925,-0.024022692772938496,-0.04413464031490676,-0.005171822606461968,0.0150984901509849,0.0457,False,0.008499961915850755,False,False,,0.07451835461615129,True
RandomForest,ResNet,46,58,True,0.0014683059870053,-0.0024089097124607,-0.0038772156994661,-0.0296799583229366,0.0199077371004794,0.7633236676332367,True,0.3816,0.6184,0.0506743360754645,0.0799649469568161,-0.0034528032927445,-0.0003182674242643,0.9195946547077576,71,98,True,-0.005537673523187111,-0.0002717413702947353,0.005265932152892375,-0.01395771912284554,0.024238258605459292,0.5855414458554145,0.4908,False,0.0002717413702947353,False,False,,0.7465653434656534,False
RandomForest,SAINT,46,58,True,0.0113039906781407,-0.0054440919614133,-0.016748082639554,-0.0437322735230009,0.0078031438475025,0.1985801419858014,True,0.0957,0.9043,0.0639930773145993,0.0713025730956073,0.0023002188955629,-0.0005509499374509,0.3863347842430946,40,65,True,-0.0003332767338479897,-0.005838553784980081,-0.005505277051132091,-0.03482982011059054,0.022584965960154146,0.7056294370562943,0.4989,False,0.0003332767338479897,False,False,,0.8399927449115553,False
RandomForest,STG,46,58,True,0.0376307116248189,0.0335321126366433,-0.0040985989881755,-0.0390135253192229,0.029073414805167,0.8126187381261873,False,0.4139,0.5861,0.0982043143827332,0.0754975782181827,0.0046488211364908,0.0154075010822621,0.9196948918246862,70,92,True,0.03252546450523756,0.0488276528966311,0.016302188391393545,-0.013065246642710082,0.04360042962676293,0.24937506249375063,0.0001,False,0.03252546450523756,False,False,,0.4147215713211288,True
RandomForest,SVM,46,58,True,0.0011629772341631,0.0172938430660589,0.0161308658318958,-0.0083994745804295,0.0416850653646947,0.2066793320667933,False,0.8979,0.1021,0.0545457096601528,0.0786776003361858,-0.0008794456196135,0.0061201201201202,0.3952742225777422,65,77,True,9.402459230757502e-05,0.01207241631731462,0.011978391725007045,-0.009418301711364397,0.03327043090993439,0.2733726627337266,0.4972,False,9.402459230757502e-05,False,False,,0.4322598352409658,True
RandomForest,TabNet,46,58,True,0.0077266890321642,0.071222133056329,0.0634954440241647,0.02880526162837,0.1001652854673709,0.0005999400059994,False,0.9999,0.0001,0.0377843639061141,0.1345028620585776,0.0039713899281592,0.0352380952380953,0.0076492350764923,71,94,True,0.0012308529526788362,0.04530382479942838,0.04407297184674954,0.018125627528303778,0.07079965271010694,0.0011998800119988001,0.4001,False,0.0012308529526788362,False,False,,0.018358164183581643,True
RandomForest,VIME,46,58,True,0.0652628394109372,0.1305938765258615,0.0653310371149243,0.0156469592285235,0.1146234150688337,0.0106989301069893,False,0.9944,0.0056,0.1126033633693091,0.1489084633156923,0.0130273760072068,0.0821402550091074,0.0496041304960413,69,92,True,0.0652176063861632,0.13342460014052634,0.06820699375436315,0.020789657030526317,0.11384204041573286,0.0044995500449955,0.0,False,0.0652176063861632,False,False,,0.03442155784421558,True
RandomForest,XGBoost,46,58,True,-0.0068986018480333,-0.012857239061753,-0.0059586372137196,-0.0233390018690065,0.0078815061214017,0.4532546745325467,False,0.2342,0.7658,0.0137161390664739,0.0589684922189246,-0.0050601474255426,-0.0005653508256117,0.6866135168661353,71,99,True,-0.01806379452391925,-0.02918127027553512,-0.011117475751615872,-0.02724426333475608,0.0037679577567331654,0.16368363163683633,0.0,False,0.01806379452391925,False,False,,0.30375757604962395,True
ResNet,SAINT,46,58,True,0.0098356846911353,-0.0030351822489525,-0.0128708669400879,-0.0398495940302363,0.0120001052984611,0.3268673132686731,True,0.1614,0.8386,0.0767202880838914,0.0523537803840436,-0.0002572296238244,-0.0026048866832166,0.5522415149789368,40,66,True,0.008148573166925552,-0.006483275873598051,-0.014631849040523604,-0.032962391069345495,0.0042523376787630095,0.12218778122187782,0.7482,True,0.006483275873598051,False,False,1.0,0.27429510570069754,True
ResNet,STG,46,58,True,0.0361624056378136,0.0359410223491041,-0.0002213832887094,-0.0311931055174964,0.0275344509211319,0.9868013198680132,False,0.5029,0.4971,0.08000522713485,0.071810249327449,0.010463768115942,0.017846580032972,0.9960109252232672,70,92,True,0.03807743393400034,0.04758834467292097,0.009510910738920623,-0.014424260796406173,0.03185630395609949,0.41755824417558246,0.0,False,0.03807743393400034,False,False,,0.5807855578078556,True
ResNet,SVM,46,58,True,-0.0003053287528421,0.0197027527785197,0.0200080815313619,0.0003772403583863,0.0439695959669273,0.0686931306869313,True,0.9776,0.0224,0.0254013464177802,0.0800051868870153,0.0,0.0106486266919337,0.1876794463410802,65,77,True,0.0006510497473300262,0.019904288571013683,0.01925323882368366,0.0030243475785006113,0.037945532719296696,0.0314968503149685,0.4245,False,0.0006510497473300262,False,False,,0.12014896071368471,False
ResNet,TabNet,46,58,True,0.0062583830451589,0.0736310427687897,0.0673726597236308,0.0386052196398124,0.0973270973176714,9.999000099990002e-05,False,1.0,0.0,0.0420782165630946,0.1042367765742444,0.0061040358970517,0.0228734081675258,0.0030596940305969,71,94,True,0.006768526475865948,0.04827398749995397,0.041505461024088024,0.021204918042830638,0.06404774434845482,9.999000099990002e-05,0.0631,False,0.006768526475865948,False,False,,0.0030596940305969407,True
ResNet,VIME,46,58,True,0.0637945334239319,0.1330027862383223,0.0692082528143904,0.0218384494623832,0.117459004150688,0.0047995200479952,False,0.9979,0.0021,0.0955568966027095,0.1514901810252097,0.0199207771888729,0.0882976726726726,0.0293730626937306,69,93,True,0.0688040599562612,0.13269426340231935,0.06389020344605816,0.019844295059514513,0.10901472831978415,0.005499450054994501,0.0,False,0.0688040599562612,False,False,,0.04006742182924564,True
ResNet,XGBoost,46,58,True,-0.0083669078350387,-0.0104483293492922,-0.0020814215142535,-0.0233533860235065,0.0201855118126198,0.8462153784621538,False,0.4158,0.5842,0.0544474938914832,0.061965511904252,-0.0016329590246054,-0.0022439488243428,0.9314457043504282,71,99,True,-0.012526121000732146,-0.028878645937554535,-0.01635252493682239,-0.03699420404826929,0.003497900422457457,0.11098890110988902,0.0152,False,0.012526121000732146,False,False,,0.27389196564214546,True
SAINT,STG,46,58,True,0.0263267209466782,0.0389762045980567,0.0126494836513785,-0.0197258351835533,0.0430287249746498,0.4247575242475752,False,0.7857,0.2143,0.0861715924434653,0.0753693544789265,0.0062561849004929,0.0186338074087332,0.676957304269573,40,66,True,0.02795337368271692,0.048446071569587294,0.020492697886870373,-0.008675366275059205,0.049437954974411676,0.16998300169983002,0.0002,False,0.02795337368271692,False,False,,0.30961189595326183,True
SAINT,SVM,46,58,True,-0.0101410134439775,0.0227379350274723,0.0328789484714499,0.0009991736553278,0.0684805339579333,0.0557944205579442,True,0.9789,0.0211,0.0849590147611278,0.093352616566616,-0.0005050505050505,0.0142526476826925,0.1673832616738326,38,59,True,-0.008849945982319385,0.026120638725319122,0.03497058470763851,0.006423901039705969,0.06791116281481013,0.026297370262973702,0.8804,True,0.008849945982319385,True,False,1.0,0.10588151711144676,True
SAINT,TabNet,46,58,True,-0.0035773016459764,0.0766662250177423,0.0802435266637188,0.0458610656779259,0.117124588065844,9.999000099990002e-05,True,1.0,0.0,0.079962730430783,0.1073982755632443,0.0030810528351725,0.0303846153846154,0.0030596940305969,40,66,True,0.0014459335772463917,0.06550522293677222,0.06405928935952583,0.03689787455203414,0.09340639252275033,9.999000099990002e-05,0.4046,False,0.0014459335772463917,False,False,,0.0030596940305969407,False
SAINT,VIME,46,58,True,0.0539588487327965,0.1360379684872749,0.0820791197544784,0.0291569734617406,0.1353416624107081,0.0027997200279972,False,0.9986,0.0014,0.1268389538481249,0.154119228075222,0.0174323406478578,0.0736111111111111,0.0214178582141785,40,66,True,0.06255244844008624,0.1305909910299945,0.06803854258990825,0.019117950886503463,0.11729087195114409,0.006299370062993701,0.0,False,0.06255244844008624,False,False,,0.043809255438092554,True
SAINT,XGBoost,46,58,True,-0.0182025925261741,-0.0074131471003396,0.0107894454258344,-0.0104035331629027,0.0343246236056139,0.3447655234476552,False,0.831,0.169,0.0652538783564564,0.0494793091025427,-0.002352695703403,-0.0003639626896544,0.5671948934138843,40,66,True,-0.01798100149917468,-0.019025809102175592,-0.0010448076030009114,-0.029490342327205894,0.028859052438418065,0.9458054194580542,0.0503,False,0.01798100149917468,False,False,,0.9583326435568364,True
STG,SVM,46,58,True,-0.0364677343906557,-0.0162382695705843,0.0202294648200714,-0.0075100144893949,0.0514663376042289,0.1840815918408159,False,0.9129,0.0871,0.088353529569581,0.0632333574278391,-0.0061936131501349,-0.0040686274509803,0.3755264473552644,65,77,True,-0.03313496327697315,-0.023604245005674526,0.009530718271298623,-0.01428075598956679,0.03461026146211277,0.43965603439656037,0.0004,False,0.023604245005674526,False,False,,0.6023772622737728,True
STG,TabNet,46,58,True,-0.0299040225926546,0.0376900204196856,0.0675940430123402,0.0280446926680598,0.1073265269605637,0.0011998800119988,True,0.9996,0.0004,0.0897815819907806,0.1172647327837082,-0.0025179982509663,0.0142222222222222,0.0122387761223877,70,93,True,-0.03129601227687024,-0.002509024883790253,0.028786987393079985,-0.002138261861501097,0.06027740060069739,0.0731926807319268,0.4219,False,0.002509024883790253,False,False,,0.20737926207379262,False
STG,VIME,46,58,True,0.0276321277861183,0.0970617638892182,0.0694296361030999,0.0228260212691928,0.1178688381302497,0.0044995500449955,False,0.9982,0.0018,0.1104118539475618,0.1355845054107018,0.0017117458859805,0.0406983891353078,0.0286846315368463,68,90,True,0.03294605057857151,0.08378145161380018,0.050835401035228676,0.007046963811930175,0.09414579747539126,0.0216978302169783,0.009,False,0.03294605057857151,False,False,,0.09764023597640235,True
STG,XGBoost,46,58,True,-0.0445293134728523,-0.0463893516983963,-0.001860038225544,-0.0373675824276599,0.0359525946796465,0.922007799220078,False,0.4504,0.5496,0.1007280954417036,0.088394019096991,-0.014116779109203,-0.0165571512441856,0.9775515691674076,70,93,True,-0.050800149022118365,-0.07514477850626618,-0.02434462948414781,-0.05611987689580622,0.007183043970305769,0.13458654134586542,0.0,False,0.050800149022118365,False,False,,0.285996400359964,True
SVM,TabNet,46,58,True,0.0065637117980011,0.05392828999027,0.0473645781922688,0.010509564936314,0.0825200297591886,0.0095990400959904,False,0.9937,0.0063,0.0468251804992968,0.1310544198511657,0.0042813664958061,0.0216666666666668,0.0458954104589541,65,77,True,0.006417898653103868,0.04113090008328139,0.03471300143017752,0.004833111954350523,0.06425976172497258,0.0225977402259774,0.109,False,0.006417898653103868,False,False,,0.09878440727355836,True
SVM,VIME,46,58,True,0.0640998621767741,0.1133000334598026,0.0492001712830285,0.0025020811525643,0.0963479756968067,0.0380961903809619,False,0.9824,0.0176,0.0990913921411515,0.1483758541895322,0.0177544680704244,0.0586411411411413,0.1267112419192863,65,76,True,0.05643596842475994,0.11176590723124084,0.055329938806480905,0.0129759443429158,0.10001322892701073,0.012198780121987801,0.0,False,0.05643596842475994,False,False,,0.0691264206912642,True
SVM,XGBoost,46,58,True,-0.0080615790821965,-0.030151082127812,-0.0220895030456154,-0.0548508770856088,0.0079259765952425,0.1651834816518348,False,0.0813,0.9187,0.0571496248909055,0.1035501825872713,-0.0030752249173301,-0.0078461538461538,0.351014898510149,65,78,True,-0.01434395950279005,-0.036372262614242146,-0.022028303111452097,-0.04998328647939351,0.004887923126343624,0.11578842115788421,0.0167,False,0.01434395950279005,False,False,,0.27429510570069754,True
TabNet,VIME,46,58,True,0.0575361503787729,0.0593717434695325,0.0018355930907596,-0.0483360545249784,0.0515396069340427,0.9417058294170584,False,0.5351,0.4649,0.1102000568006068,0.1524003438363073,0.0148286684444304,0.0193306209435242,0.9775515691674076,69,92,True,0.062120193168465385,0.08011876125133219,0.017998568082866803,-0.028561428617894142,0.0635776060669707,0.44095590440955906,0.0,False,0.062120193168465385,False,False,,0.6023772622737728,True
TabNet,XGBoost,46,58,True,-0.0146252908801976,-0.084079372118082,-0.0694540812378843,-0.1026383507024584,-0.0396306592958239,9.999000099990002e-05,False,0.0,1.0,0.0389372432063379,0.1159518693260748,-0.0087917690417691,-0.0366557428565015,0.0030596940305969,71,95,True,-0.019294647476598092,-0.07221863068886926,-0.05292398321227117,-0.07710913411214025,-0.030672848486943013,9.999000099990002e-05,0.0,False,0.019294647476598092,False,False,,0.0030596940305969407,True
VIME,XGBoost,46,58,True,-0.0721614412589706,-0.1434511155876146,-0.0712896743286439,-0.1228118015364391,-0.0199306871616619,0.0066993300669933,False,0.004,0.996,0.1168882360686132,0.155318043232455,-0.020631204282113,-0.0958333333333333,0.0353447413879301,69,93,True,-0.08167489944010636,-0.1603232099403079,-0.07864831050020155,-0.1269226308058023,-0.02903075674154229,0.0023997600239976003,0.0,False,0.08167489944010636,False,False,,0.023903859614038597,True
