algorithm_a,algorithm_b,n_cc18_common,n_outside_common,eligible,delta_cc18,delta_outside,interaction_shift,ci_lo,ci_hi,bootstrap_p,bootstrap_reversal_probability,sign_reversal,min_abs_contrast,strong_reversal_005,strong_reversal_010,loo_reversal_retention,bootstrap_q_bh
CatBoost,DANet,60,83,True,0.00882507132277381,0.03406327051743035,0.025238199194656537,0.007265733911282578,0.04364660589393838,0.007599240075992401,0.0223,False,0.00882507132277381,False,False,,0.0683931606839316
CatBoost,DecisionTree,68,95,True,0.047573346180083215,0.04544364581496111,-0.0021297003651221044,-0.0206751237253594,0.01821171855218095,0.8313168683131686,0.0,False,0.04544364581496111,False,False,,0.943607562320691
CatBoost,DeepFM,34,54,True,0.05208228650075354,0.04857989336000958,-0.0035023931407439646,-0.06038822544152873,0.04741213214541951,0.902009799020098,0.0,False,0.04857989336000958,False,False,,0.9480447304106798
CatBoost,KNN,66,94,True,0.04752178755616463,0.08060345465151826,0.03308166709535363,0.005703489511417732,0.060541707210764795,0.0178982101789821,0.0,False,0.04752178755616463,False,False,,0.11186381361863813
CatBoost,LightGBM,67,92,True,-0.001888616359586379,0.006143834441286848,0.008032450800873227,-0.004883455941049715,0.020046533689821514,0.19758024197580243,0.6839,True,0.001888616359586379,False,False,1.0,0.4041414040414141
CatBoost,LinearModel,64,95,True,0.06785245838330925,0.09627899128150112,0.028426532898191872,-0.01024481562046274,0.06727138293249406,0.1494850514948505,0.0,False,0.06785245838330925,False,False,,0.3578099636844826
CatBoost,MLP,68,94,True,0.047303882631687715,0.07534681028889749,0.028042927657209775,-0.0051297302624650305,0.060216600193459875,0.09169083091690831,0.0,False,0.047303882631687715,False,False,,0.2947205279472053
CatBoost,NAM,32,48,True,0.06390502737786123,0.09219537096258919,0.028290343584727956,-0.011374382732666789,0.06800620837564922,0.1655834416558344,0.0,False,0.06390502737786123,False,False,,0.3617114016753664
CatBoost,NODE,58,78,True,0.006718926154471789,0.03516280344536408,0.02844387729089229,0.011055603668712626,0.04645537039369779,0.0010998900109989002,0.0672,False,0.006718926154471789,False,False,,0.022497750224977506
CatBoost,RandomForest,68,94,True,0.01232737956570287,0.02219434162096189,0.00986696205525902,-0.0022972621167902762,0.023012800045890267,0.12668733126687332,0.0,False,0.01232737956570287,False,False,,0.3359146843936296
CatBoost,SAINT,39,64,True,0.012961921772312849,0.015473375510095776,0.002511453737782927,-0.02842283006221307,0.03077512282819433,0.8675132486751325,0.1685,False,0.012961921772312849,False,False,,0.943607562320691
CatBoost,STG,67,88,True,0.04633483612421551,0.07017755045159203,0.023842714327376523,-0.006452007150875384,0.05452042734466306,0.12388761123887611,0.0,False,0.04633483612421551,False,False,,0.3359146843936296
CatBoost,SVM,63,76,True,0.0118275834850434,0.03521191258044918,0.02338432909540578,-0.00043226863776220305,0.04861674011158682,0.06319368063193681,0.0344,False,0.0118275834850434,False,False,,0.23309144495386527
CatBoost,TabNet,68,90,True,0.01552469955714136,0.07025707814732753,0.05473237859018616,0.030152317398357754,0.08065107399446736,9.999000099990002e-05,0.0003,False,0.01552469955714136,False,False,,0.008999100089991
CatBoost,TabPFNModel,20,42,True,-0.011816644795451765,-0.0015404173295145694,0.010276227465937196,-0.006270074909007993,0.027660067221737257,0.23177682231776822,0.4088,False,0.0015404173295145694,False,False,,0.45207017759762486
CatBoost,TabTransformer,52,63,True,0.06665400587622392,0.0705945582668154,0.00394055239059149,-0.04122339318254697,0.05018220556443276,0.8707129287071292,0.0,False,0.06665400587622392,False,False,,0.943607562320691
CatBoost,VIME,67,90,True,0.07954694811277256,0.15507057813040748,0.07552363001763492,0.027199600367860954,0.12357651644045065,0.0030996900309969004,0.0,False,0.07954694811277256,False,False,,0.03874612538746126
CatBoost,XGBoost,68,95,True,-0.004404836219962477,-0.006133852198071866,-0.001729015978109389,-0.013778252900034588,0.009483146400180982,0.7752224777522247,0.1455,False,0.004404836219962477,False,False,,0.9084638411158884
CatBoost,rtdl_FTTransformer,58,78,True,0.01187590350507717,0.04622144923452868,0.03434554572945151,0.005299729639086531,0.06536098281957553,0.025097490250974904,0.0221,False,0.01187590350507717,False,False,,0.1377301294260818
CatBoost,rtdl_MLP,68,95,True,0.03540539255769127,0.06955541200888705,0.034150019451195786,-0.003667386049852498,0.07079933721654769,0.07339266073392661,0.0,False,0.03540539255769127,False,False,,0.25802107289271076
CatBoost,rtdl_ResNet,68,94,True,0.008816599592301527,0.022030741785459444,0.013214142193157917,-0.005455931326547,0.030714210400517403,0.15758424157584242,0.0671,False,0.008816599592301527,False,False,,0.35860050358600504
DANet,DecisionTree,62,85,True,0.04128638574011439,0.013841396864541857,-0.02744498887557253,-0.052062390129875125,-0.0026055041026363437,0.028897110288971104,0.0757,False,0.013841396864541857,False,False,,0.14776931397769313
DANet,DeepFM,30,50,True,0.02060974779242498,0.02907322102695881,0.008463473234533829,-0.03160664724964828,0.04965287494373034,0.6828317168283171,0.0532,False,0.02060974779242498,False,False,,0.8769231772474926
DANet,KNN,62,84,True,0.04035541514783566,0.054688492338411096,0.014333077190575437,-0.014414921687571462,0.04286837986449885,0.33026697330266974,0.0,False,0.04035541514783566,False,False,,0.547886387831805
DANet,LightGBM,62,81,True,-0.007857500473923805,-0.018022627783267544,-0.01016512730934374,-0.029936746506351995,0.008910805276920081,0.29817018298170184,0.0685,False,0.007857500473923805,False,False,,0.5059456460369001
DANet,LinearModel,61,85,True,0.056901176545333776,0.05015675897014778,-0.006744417575185999,-0.04169054545308848,0.027508233778869563,0.6990300969903009,0.0,False,0.05015675897014778,False,False,,0.8769231772474926
DANet,MLP,62,84,True,0.043575140458620584,0.045656450478884704,0.0020813100202641197,-0.02737809916704238,0.030390446143489493,0.8921107889211078,0.0,False,0.043575140458620584,False,False,,0.9480447304106798
DANet,NAM,29,48,True,0.048341983508059135,0.0686636124263369,0.02032162891827776,-0.02013424970270441,0.06102876081552669,0.3311668833116688,0.0,False,0.048341983508059135,False,False,,0.547886387831805
DANet,NODE,53,75,True,0.00023685425632304053,0.002780989028746132,0.0025441347724230916,-0.011439447617545508,0.01654690482110821,0.7170282971702829,0.501,False,0.00023685425632304053,False,False,,0.8769231772474926
DANet,RandomForest,62,84,True,0.002637674977862888,-0.010583900984664033,-0.01322157596252692,-0.029920394129790365,0.0033533706927326872,0.11948805119488051,0.6986,True,0.002637674977862888,False,False,1.0,0.3359146843936296
DANet,SAINT,36,63,True,0.005481612148541096,-0.013185855338028882,-0.01866746748656998,-0.0429992735300477,0.004383694616110641,0.11798820117988201,0.7118,True,0.005481612148541096,False,False,0.98989898989899,0.3359146843936296
DANet,STG,62,85,True,0.03346774571757664,0.03588841091682161,0.00242066519924497,-0.024734219690814237,0.02846994979608044,0.8577142285771423,0.0,False,0.03346774571757664,False,False,,0.943607562320691
DANet,SVM,62,73,True,0.000710860017089719,0.0025424376490923517,0.0018315776320026328,-0.015038297987047762,0.01841433671883749,0.8233176682331766,0.4806,False,0.000710860017089719,False,False,,0.9406800436707599
DANet,TabNet,62,85,True,0.008908664053785605,0.045622433870867875,0.03671376981708227,0.017321993518896617,0.05708191161340465,0.00039996000399960006,0.0127,False,0.008908664053785605,False,False,,0.011248875112488751
DANet,TabPFNModel,20,43,True,-0.02378100122585252,-0.03846083389767781,-0.014679832671825287,-0.038024999168629815,0.00796065614060483,0.20907909209079092,0.0004,False,0.02378100122585252,False,False,,0.4212301984087305
DANet,TabTransformer,48,57,True,0.060172925387921204,0.03441347267262191,-0.025759452715299294,-0.07067132478174451,0.019605008883522186,0.25177482251774824,0.0161,False,0.03441347267262191,False,False,,0.46433881202043736
DANet,VIME,62,84,True,0.05922165288263956,0.12705107260491422,0.06782941972227466,0.026092132396441106,0.1121858525037891,0.0015998400159984002,0.0,False,0.05922165288263956,False,False,,0.025497450254974505
DANet,XGBoost,62,85,True,-0.010561586402518277,-0.03094701202349127,-0.020385425620972994,-0.039395898932175565,-0.001386394347064636,0.0362963703629637,0.0178,False,0.010561586402518277,False,False,,0.1574842515748425
DANet,rtdl_FTTransformer,56,74,True,0.005901333040049272,0.007456295003566215,0.001554961963516943,-0.021869566000766838,0.026359977032710143,0.9007099290070993,0.325,False,0.005901333040049272,False,False,,0.9480447304106798
DANet,rtdl_MLP,62,85,True,0.03104743434053229,0.04106472661816279,0.010017292277630499,-0.02698119720944119,0.045970673601324244,0.5906409359064093,0.0013,False,0.03104743434053229,False,False,,0.8056921580569215
DANet,rtdl_ResNet,62,84,True,0.0018041252031581207,-0.009891964150642144,-0.011696089353800265,-0.02759829283091835,0.00343738818846946,0.138986101389861,0.6023,True,0.0018041252031581207,False,False,0.9863013698630136,0.3445579355107968
DecisionTree,DeepFM,34,56,True,0.029462999924701545,0.02111409065069501,-0.008348909274006534,-0.06370983203844445,0.04134746819957183,0.7531246875312468,0.125,False,0.02111409065069501,False,False,,0.8918581826027924
DecisionTree,KNN,68,96,True,-0.0009591232904972937,0.03435725044737482,0.03531637373787211,0.0025237583951280003,0.06789183338912252,0.0342965703429657,0.5402,True,0.0009591232904972937,False,False,0.9085365853658537,0.1574842515748425
DecisionTree,LightGBM,69,95,True,-0.05035538974909,-0.031602568634483165,0.018752821114606834,-0.0004696056910960882,0.037118631813072074,0.05039496050394961,0.0,False,0.031602568634483165,False,False,,0.19549769161014935
DecisionTree,LinearModel,67,100,True,0.01615109660688021,0.04803150629991437,0.03188040969303416,-0.0061019037103039004,0.07023513813054243,0.09879012098790121,0.0953,False,0.01615109660688021,False,False,,0.3130672848208137
DecisionTree,MLP,71,99,True,-0.0038735732768552635,0.02927505853121369,0.03314863180806896,0.0017987016176757168,0.06563918793141753,0.041995800419958006,0.6409,True,0.0038735732768552635,False,False,1.0,0.17828405838661418
DecisionTree,NAM,32,48,True,0.04132778153610918,0.0679230561641601,0.02659527462805092,-0.010612592043184045,0.0636949954856181,0.1620837916208379,0.0,False,0.04132778153610918,False,False,,0.36062570213566886
DecisionTree,NODE,58,80,True,-0.03551448953195529,0.005396550956104929,0.04091104048806022,0.01941220654514416,0.06404965568266419,0.00019998000199980003,0.7599,True,0.005396550956104929,False,False,1.0,0.008999100089991
DecisionTree,RandomForest,71,99,True,-0.037604062325623334,-0.024382174743504317,0.013221887582119018,-0.005533159934709882,0.031186057365784225,0.1558844115588441,0.0002,False,0.024382174743504317,False,False,,0.35860050358600504
DecisionTree,SAINT,40,66,True,-0.0406021726354292,-0.028254847799506964,0.012347324835922237,-0.023689942895926457,0.04644720254840015,0.48485151484851513,0.0056,False,0.028254847799506964,False,False,,0.6993050694930506
DecisionTree,STG,70,93,True,-0.005596072797130553,0.023809405386881352,0.029405478184011905,-0.0031844736042189975,0.062240720878658014,0.0795920407959204,0.6609,True,0.005596072797130553,False,False,1.0,0.27030879001652075
DecisionTree,SVM,65,78,True,-0.036968980678971426,-0.010746296772008805,0.02622268390696262,-0.006772615900456538,0.05835418930366848,0.11508849115088492,0.2049,False,0.010746296772008805,False,False,,0.3359146843936296
DecisionTree,TabNet,71,95,True,-0.03637320937294449,0.021172515236043875,0.057545724608988366,0.02886018356786679,0.08689349846799325,0.00029997000299970003,0.9607,True,0.021172515236043875,True,True,1.0,0.011248875112488751
DecisionTree,TabPFNModel,20,43,True,-0.054385356337727876,-0.034666045547817013,0.019719310789910863,-0.00866195254377434,0.049955487309190805,0.19208079192080793,0.0,False,0.034666045547817013,False,False,,0.3964970475429522
DecisionTree,TabTransformer,55,67,True,0.0065343019142222415,0.01037870468497606,0.0038444027707538178,-0.03922444287662036,0.04717069359782115,0.8635136486351365,0.4216,False,0.0065343019142222415,False,False,,0.943607562320691
DecisionTree,VIME,69,93,True,0.02952060367567018,0.10710379331861997,0.07758318964294979,0.02998696855899061,0.12326824618892156,0.0007999200079992001,0.0242,False,0.02952060367567018,False,False,,0.017998200179982
DecisionTree,XGBoost,71,100,True,-0.05566785684954259,-0.05312458476239744,0.0025432720871451514,-0.020532486746077636,0.023584784271308154,0.8212178782121787,0.0,False,0.05312458476239744,False,False,,0.9406800436707599
DecisionTree,rtdl_FTTransformer,59,80,True,-0.033007316399897034,0.003541349839322282,0.03654866623921932,0.011468667732683823,0.06185726733923231,0.0047995200479952005,0.6445,True,0.003541349839322282,False,False,0.9928057553956835,0.05142342908566286
DecisionTree,rtdl_MLP,71,100,True,-0.016386288012877837,0.02399649961487377,0.040382787627751604,0.003376937737243491,0.07632189939873839,0.030896910308969103,0.8605,True,0.016386288012877837,True,True,1.0,0.15448455154484553
DecisionTree,rtdl_ResNet,71,99,True,-0.04314173584881043,-0.02456965566764932,0.01857208018116111,-0.007849687414737383,0.043436877510909536,0.15248475152484753,0.0012,False,0.02456965566764932,False,False,,0.35860050358600504
DeepFM,KNN,34,53,True,-0.007570692570207342,0.011291092836755928,0.018861785406963268,-0.03353363193917997,0.07595365198883422,0.49675032496750327,0.5557,True,0.007570692570207342,False,False,0.9885057471264368,0.7098182586804611
DeepFM,LightGBM,34,54,True,-0.049923773470702905,-0.02783736373231107,0.022086409738391835,-0.03097039227458075,0.0797135236261901,0.43055694430556946,0.0304,False,0.02783736373231107,False,False,,0.6545629220861697
DeepFM,LinearModel,33,56,True,-0.005577968848070946,-0.001148146028062769,0.004429822820008177,-0.04595845279153927,0.05970413426888961,0.8679132086791321,0.4982,False,0.001148146028062769,False,False,,0.943607562320691
DeepFM,MLP,34,55,True,-0.01601157650594232,-0.017145422180329634,-0.0011338456743873147,-0.0418933140605915,0.046986496440768744,0.9623037696230377,0.2623,False,0.01601157650594232,False,False,,0.9698137329124231
DeepFM,NAM,32,48,True,0.0098750442619537,0.0439442993705824,0.034069255108628696,-0.023915469743507754,0.09517824527026231,0.25537446255374463,0.3079,False,0.0098750442619537,False,False,,0.4671484071105085
DeepFM,NODE,34,52,True,-0.04100329296261743,-0.0307500065246031,0.010253286438014327,-0.03750750809518116,0.06440924552022491,0.6936306369363063,0.0077,False,0.0307500065246031,False,False,,0.8769231772474926
DeepFM,RandomForest,34,55,True,-0.03987350964014067,-0.03711339016983248,0.0027601194703081935,-0.04628098487094894,0.05755407322432443,0.911008899110089,0.005,False,0.03711339016983248,False,False,,0.948967603239676
DeepFM,SAINT,17,37,False,,,,,,,,,,,,,
DeepFM,STG,33,53,True,-0.0073782841588012765,0.00271577857741302,0.010094062736214297,-0.031154759921268108,0.05822347246497178,0.6543345665433457,0.5323,True,0.00271577857741302,False,False,0.9651162790697675,0.8711554880014957
DeepFM,SVM,33,44,True,-0.029260999812367728,-0.02384071507257658,0.005420284739791149,-0.042065158528813276,0.05842304777292496,0.8236176382361764,0.0861,False,0.02384071507257658,False,False,,0.9406800436707599
DeepFM,TabNet,34,55,True,-0.027599585583847622,0.008974520864711103,0.03657410644855873,-0.013628460816067904,0.08962407822748657,0.16348365163483652,0.6855,True,0.008974520864711103,False,False,1.0,0.36062570213566886
DeepFM,TabPFNModel,14,28,False,,,,,,,,,,,,,
DeepFM,TabTransformer,27,39,True,-0.025912305322772607,-0.0338576474057693,-0.00794534208299669,-0.07357256149130896,0.061826057758564056,0.8046195380461953,0.1837,False,0.025912305322772607,False,False,,0.933192763197907
DeepFM,VIME,34,52,True,-0.0005493255631398085,0.039237048346124265,0.039786373909264074,-0.008559744014931295,0.09086957610444243,0.11688831116888311,0.4671,True,0.0005493255631398085,False,False,0.9767441860465116,0.3359146843936296
DeepFM,XGBoost,34,56,True,-0.05371826920109714,-0.04266752430447201,0.01105074489662513,-0.039379086618716995,0.06838362263684933,0.6743325667433256,0.0001,False,0.04266752430447201,False,False,,0.8769231772474926
DeepFM,rtdl_FTTransformer,30,45,True,-0.03904837374306522,-0.02951884695774531,0.009529526785319906,-0.04216924673293592,0.06712425673530674,0.7305269473052695,0.0294,False,0.02951884695774531,False,False,,0.8776515965424735
DeepFM,rtdl_MLP,34,56,True,-0.027304998584133544,-0.029105605094814073,-0.0018006065106805288,-0.043222205481023276,0.04587308337514486,0.9366063393660634,0.0227,False,0.027304998584133544,False,False,,0.9588132095881321
DeepFM,rtdl_ResNet,34,55,True,-0.03634701099654783,-0.03282657361296174,0.0035204373835860878,-0.040413734764072645,0.05347046289620287,0.885011498850115,0.0012,False,0.03282657361296174,False,False,,0.9480447304106798
KNN,LightGBM,68,93,True,-0.048511576812045695,-0.07333333003267975,-0.024821753220634055,-0.05294304370368425,0.002715432527758775,0.08049195080491951,0.0,False,0.048511576812045695,False,False,,0.27030879001652075
KNN,LinearModel,65,96,True,0.01757412106378886,0.01629190939567512,-0.0012822116681137398,-0.03507646457963774,0.032550298560272764,0.9353064693530647,0.1505,False,0.01629190939567512,False,False,,0.9588132095881321
KNN,MLP,68,95,True,0.0013781024531085045,-0.0032958048891347925,-0.004673907342243297,-0.03120765881167839,0.022334260025149922,0.7282271772822718,0.5153,True,0.0013781024531085045,False,False,0.9570552147239264,0.8776515965424735
KNN,NAM,32,48,True,0.018947802247013378,0.02965894179286029,0.01071113954584691,-0.025703775192110406,0.04881311306754503,0.5698430156984302,0.0763,False,0.018947802247013378,False,False,,0.7865931198291214
KNN,NODE,58,78,True,-0.04705192925528188,-0.051732311186243954,-0.004680381930962076,-0.031465475312006504,0.022067398120256966,0.7333266673332667,0.0,False,0.04705192925528188,False,False,,0.8776515965424735
KNN,RandomForest,68,95,True,-0.034589726098511374,-0.05797391798161297,-0.023384191883101597,-0.05000904445245002,0.003827367896120552,0.0882911708829117,0.0,False,0.034589726098511374,False,False,,0.29051442681818773
KNN,SAINT,40,66,True,-0.027797290423143543,-0.06841805945786635,-0.0406207690347228,-0.08236632210103938,-0.0011123618442107192,0.04939506049395061,0.0197,False,0.027797290423143543,False,False,,0.194980501949805
KNN,STG,67,90,True,-0.0013712753504392674,-0.01362533009466408,-0.012254054744224812,-0.041527404331558826,0.016595938081259892,0.40435956404359563,0.456,False,0.0013712753504392674,False,False,,0.6318118188181182
KNN,SVM,65,78,True,-0.03759905113609884,-0.049093673542518375,-0.011494622406419533,-0.03933534369633998,0.015231595002553881,0.40985901409859016,0.0,False,0.03759905113609884,False,False,,0.6354843967658029
KNN,TabNet,68,91,True,-0.030933317308284386,-0.012458210611569875,0.01847510669671451,-0.012519411674318439,0.04881367158401396,0.23317668233176683,0.1744,False,0.012458210611569875,False,False,,0.45207017759762486
KNN,TabPFNModel,20,43,True,-0.06897540191337742,-0.08343771102676946,-0.014462309113392038,-0.055203889219657236,0.02713388041620805,0.49845015498450157,0.0,False,0.06897540191337742,False,False,,0.7098182586804611
KNN,TabTransformer,52,63,True,0.025018138677081907,-0.024698031066258876,-0.04971616974334078,-0.09136072190108689,-0.009885759038184951,0.016698330166983303,0.9203,True,0.024698031066258876,True,True,1.0,0.11050365551680127
KNN,VIME,68,91,True,0.020445156011818094,0.0719370763057274,0.05149192029390931,0.013686136176879285,0.09152565661507008,0.009499050094990502,0.0052,False,0.020445156011818094,False,False,,0.07915875079158752
KNN,XGBoost,68,96,True,-0.05063126505870998,-0.08494414686452029,-0.034312881805810304,-0.06272057310886188,-0.006527759566160396,0.016698330166983303,0.0,False,0.05063126505870998,False,False,,0.11050365551680127
KNN,rtdl_FTTransformer,59,80,True,-0.03575343027332235,-0.040914921503493046,-0.005161491230170699,-0.03985026439750045,0.03014609346217349,0.7698230176982301,0.0073,False,0.03575343027332235,False,False,,0.9068595758225224
KNN,rtdl_MLP,68,96,True,-0.011007757260763803,-0.010241574322965791,0.0007661829377980118,-0.029861251712835653,0.031448780071405426,0.9587041295870413,0.2755,False,0.010241574322965791,False,False,,0.9698137329124231
KNN,rtdl_ResNet,68,95,True,-0.03765140062447215,-0.05583476578370021,-0.01818336515922806,-0.04362035895523344,0.008087389261875712,0.15778422157784222,0.0,False,0.03765140062447215,False,False,,0.35860050358600504
LightGBM,LinearModel,66,95,True,0.06843048301950555,0.08418914013119227,0.015758657111686725,-0.02648041898637831,0.058893528315728576,0.47425257474252575,0.0,False,0.06843048301950555,False,False,,0.6946724682370473
LightGBM,MLP,69,94,True,0.04931094685344389,0.06349411152653409,0.014183164673090193,-0.01968135031137371,0.04795431504348941,0.40315968403159685,0.0,False,0.04931094685344389,False,False,,0.6318118188181182
LightGBM,NAM,32,48,True,0.06165836365984978,0.07352406746301048,0.011865703803160696,-0.033430532026549914,0.05567759702858743,0.5984401559844016,0.0,False,0.06165836365984978,False,False,,0.80991900809919
LightGBM,NODE,58,78,True,0.0056467061549822905,0.018486059518300353,0.012839353363318063,-0.007315847790174265,0.033881887224417005,0.22397760223977603,0.1611,False,0.0056467061549822905,False,False,,0.4420610570521895
LightGBM,RandomForest,69,94,True,0.014140167576899247,0.015496314087866133,0.001356146510966886,-0.014202715833851643,0.01759844963569931,0.8655134486551345,0.01,False,0.014140167576899247,False,False,,0.943607562320691
LightGBM,SAINT,40,65,True,0.019652318471182158,0.0030104532321080305,-0.016641865239074127,-0.04747007633632684,0.01276007976100636,0.27687231276872315,0.4067,False,0.0030104532321080305,False,False,,0.4829168245966102
LightGBM,STG,68,88,True,0.04711182305045157,0.059079661154644005,0.011967838104192434,-0.021181912509814688,0.04498831742539599,0.46065393460653936,0.0,False,0.04711182305045157,False,False,,0.6818890479373115
LightGBM,SVM,65,75,True,0.011889662168634322,0.023522263386411033,0.011632601217776711,-0.015202859441738057,0.039288792317524864,0.400959904009599,0.0548,False,0.011889662168634322,False,False,,0.6318118188181182
LightGBM,TabNet,69,90,True,0.01734917499749563,0.05949820783744531,0.04214903283994968,0.02122003502850619,0.06480241772816879,0.0007999200079992001,0.0,False,0.01734917499749563,False,False,,0.017998200179982
LightGBM,TabPFNModel,20,43,True,-0.019426522233515327,-0.03452188565758139,-0.01509536342406606,-0.03528604200113616,0.004361766978713807,0.1352864713528647,0.0006,False,0.019426522233515327,False,False,,0.34226914387212964
LightGBM,TabTransformer,53,62,True,0.06625717115699563,0.057580381058843014,-0.008676790098152615,-0.05370950435926762,0.03714973846080549,0.7072292770722928,0.0003,False,0.057580381058843014,False,False,,0.8769231772474926
LightGBM,VIME,68,89,True,0.06895673282386378,0.13806052146837225,0.06910378864450847,0.02600725511619904,0.11283275909923304,0.0014998500149985001,0.0,False,0.06895673282386378,False,False,,0.025497450254974505
LightGBM,XGBoost,69,95,True,-0.002056462951163978,-0.012986692321683358,-0.01093022937051938,-0.018030830091659088,-0.004225968523618089,0.0024997500249975004,0.0902,False,0.002056462951163978,False,False,,0.034408323873495
LightGBM,rtdl_FTTransformer,59,79,True,0.014233548695672903,0.028572872248928564,0.014339323553255661,-0.012291959892895946,0.04234889409596308,0.2990700929907009,0.0186,False,0.014233548695672903,False,False,,0.5059456460369001
LightGBM,rtdl_MLP,69,95,True,0.03693792568614945,0.05741446429501091,0.020476538608861457,-0.017095517223834233,0.05676059821471661,0.280971902809719,0.0001,False,0.03693792568614945,False,False,,0.48629752409374444
LightGBM,rtdl_ResNet,69,94,True,0.010657026636200847,0.01600561387188567,0.0053485872356848225,-0.015110630728071879,0.025719201749070508,0.6011398860113989,0.0593,False,0.010657026636200847,False,False,,0.80991900809919
LinearModel,MLP,67,99,True,-0.016738818879706917,-0.01847276309510028,-0.001733944215393364,-0.028897587658786604,0.02453038511053899,0.8988101189881011,0.0608,False,0.016738818879706917,False,False,,0.9480447304106798
LinearModel,NAM,31,48,True,0.016390129604374352,0.04891338038850277,0.03252325078412842,0.0017853469510101085,0.06557003679768103,0.0458954104589541,0.0015,False,0.016390129604374352,False,False,,0.18775395187753952
LinearModel,NODE,56,80,True,-0.06058954082414093,-0.03907043548828841,0.021519105335852523,-0.011816360250200003,0.055845152654161276,0.2096790320967903,0.0013,False,0.03907043548828841,False,False,,0.4212301984087305
LinearModel,RandomForest,67,99,True,-0.053608789805927835,-0.07322685906947408,-0.01961806926354625,-0.05517793180096918,0.01502422281126442,0.26987301269873015,0.0,False,0.053608789805927835,False,False,,0.4771983739126088
LinearModel,SAINT,38,66,True,-0.06608394859449844,-0.08992048393898669,-0.02383653534448825,-0.07992984903951618,0.03082186213901603,0.39876012398760124,0.0,False,0.06608394859449844,False,False,,0.6318118188181182
LinearModel,STG,67,93,True,-0.020232169013739504,-0.018841446703056895,0.0013907223106826086,-0.033814094335313266,0.03688963293599701,0.9375062493750624,0.1154,False,0.018841446703056895,False,False,,0.9588132095881321
LinearModel,SVM,64,78,True,-0.05413395128242965,-0.051929081300522574,0.0022048699819070747,-0.032436373314483895,0.036081935649975104,0.9026097390260974,0.0,False,0.051929081300522574,False,False,,0.9480447304106798
LinearModel,TabNet,67,95,True,-0.05097911083545045,-0.021617681660793277,0.029361429174657176,-0.012990756396285058,0.07076692143852234,0.1673832616738326,0.1179,False,0.021617681660793277,False,False,,0.36212724881358016
LinearModel,TabPFNModel,20,43,True,-0.05944082125430761,-0.05080030485902931,0.008640516395278297,-0.039691169491763066,0.059193357540131795,0.7289271072892711,0.0028,False,0.05080030485902931,False,False,,0.8776515965424735
LinearModel,TabTransformer,52,67,True,0.006501192759440541,-0.024123723953107273,-0.030624916712547814,-0.0687235583454943,0.005377787356337988,0.103989601039896,0.7222,True,0.006501192759440541,False,False,1.0,0.3161845977564406
LinearModel,VIME,65,93,True,0.0026228638248684253,0.06116527915822422,0.058542415333355795,0.019549458852137578,0.10034135967656034,0.0045995400459954,0.3794,False,0.0026228638248684253,False,False,,0.05142342908566286
LinearModel,XGBoost,67,100,True,-0.0716198689536628,-0.10115609106231181,-0.029536222108649007,-0.07258886662089786,0.011712877947175097,0.17078292170782922,0.0,False,0.0716198689536628,False,False,,0.3625109187194488
LinearModel,rtdl_FTTransformer,57,80,True,-0.05486502409354296,-0.05904384268260006,-0.004178818589057096,-0.045807219222123045,0.03524340240100911,0.8415158484151585,0.0001,False,0.05486502409354296,False,False,,0.943607562320691
LinearModel,rtdl_MLP,67,100,True,-0.029938236325297313,-0.024035006685040612,0.005903229640256701,-0.029089517867677363,0.040144330770308954,0.7448255174482552,0.0373,False,0.024035006685040612,False,False,,0.8866970445812561
LinearModel,rtdl_ResNet,67,99,True,-0.05831753173677824,-0.07231747729396329,-0.013999945557185048,-0.0477560994370568,0.01903853879485984,0.41235876412358763,0.0,False,0.05831753173677824,False,False,,0.6354843967658029
MLP,NAM,32,47,True,0.02681393539657791,0.0513627697992085,0.02454883440263059,-0.0087729002794729,0.05734731484511684,0.14338566143385661,0.002,False,0.02681393539657791,False,False,,0.3469007937915886
MLP,NODE,58,79,True,-0.044589491436935524,-0.03332530831460306,0.011264183122332468,-0.013902526697350585,0.03726710706622929,0.39806019398060194,0.0,False,0.03332530831460306,False,False,,0.6318118188181182
MLP,RandomForest,71,98,True,-0.03373048904876807,-0.05442633671056237,-0.020695847661794303,-0.05031687937591588,0.009112085855488648,0.17048295170482952,0.0,False,0.03373048904876807,False,False,,0.3625109187194488
MLP,SAINT,40,66,True,-0.03631258420200349,-0.05843095776880847,-0.022118373566804975,-0.05984678542892383,0.016354077604501926,0.24997500249975002,0.0001,False,0.03631258420200349,False,False,,0.46433881202043736
MLP,STG,70,92,True,-0.001724412403221023,-0.007477330003963731,-0.005752917600742708,-0.03231084953056289,0.021169875524803407,0.6741325867413258,0.4513,False,0.001724412403221023,False,False,,0.8769231772474926
MLP,SVM,65,77,True,-0.039966816058367605,-0.03450461769281648,0.0054621983655511255,-0.022952358140719397,0.03241888581229621,0.7030296970302969,0.0001,False,0.03450461769281648,False,False,,0.8769231772474926
MLP,TabNet,71,94,True,-0.032499636096089225,-0.005605185660340766,0.02689445043574846,-0.0050917605215763774,0.05892222737804093,0.10268973102689731,0.3459,False,0.005605185660340766,False,False,,0.3161845977564406
MLP,TabPFNModel,20,43,True,-0.06421973396356272,-0.05489504793293109,0.009324686030631628,-0.03455525549338296,0.05545403310957336,0.686031396860314,0.0,False,0.05489504793293109,False,False,,0.8769231772474926
MLP,TabTransformer,55,67,True,0.012628301807746616,-0.019294518918471903,-0.03192282072621852,-0.07080510769116342,0.005713039527780633,0.10308969103089691,0.8001,True,0.012628301807746616,True,True,1.0,0.3161845977564406
MLP,VIME,69,93,True,0.029956350919142376,0.07569296814903947,0.045736617229897095,0.008335261796312575,0.08099651455913681,0.014498550144985502,0.0,False,0.029956350919142376,False,False,,0.10523141234263671
MLP,XGBoost,71,99,True,-0.051794283572687325,-0.08272336013641755,-0.03092907656373023,-0.06534888350301599,0.0029343282186627163,0.074992500749925,0.0,False,0.051794283572687325,False,False,,0.2595894256728173
MLP,rtdl_FTTransformer,59,79,True,-0.037541229747938686,-0.043211285978656984,-0.005670056230718298,-0.03330565283754387,0.020244354249470808,0.6728327167283271,0.0,False,0.037541229747938686,False,False,,0.8769231772474926
MLP,rtdl_MLP,71,99,True,-0.012512714736022574,-0.0054225801239830155,0.0070901346120395585,-0.013041453560992136,0.026356877390550766,0.47855214478552144,0.259,False,0.0054225801239830155,False,False,,0.6946724682370473
MLP,rtdl_ResNet,71,99,True,-0.03926816257195518,-0.05384471419886302,-0.014576551626907838,-0.04143131175650439,0.010796276632261872,0.27147285271472854,0.0,False,0.03926816257195518,False,False,,0.4771983739126088
NAM,NODE,32,47,True,-0.05337545114651365,-0.07426813815838736,-0.020892687011873703,-0.0591063173900177,0.018331010749340338,0.29147085291470853,0.0,False,0.05337545114651365,False,False,,0.5006178771435834
NAM,RandomForest,32,47,True,-0.05141065376241895,-0.08312159337387694,-0.03171093961145799,-0.06924608962313772,0.0037997404991094584,0.08909109089091091,0.0,False,0.05141065376241895,False,False,,0.29051442681818773
NAM,SAINT,17,37,False,,,,,,,,,,,,,
NAM,STG,31,48,True,-0.01792324743404993,-0.03893447060835071,-0.021011223174300778,-0.05563557807288367,0.015094269886604771,0.23737626237376264,0.0445,False,0.01792324743404993,False,False,,0.4526242291025135
NAM,SVM,31,40,True,-0.040120204901083,-0.06842799494452044,-0.02830779004343744,-0.0705059627576555,0.014570533223407884,0.18968103189681032,0.0,False,0.040120204901083,False,False,,0.39516881645168817
NAM,TabNet,32,48,True,-0.03945577632828921,-0.029252175636240274,0.01020360069204894,-0.03524206678474709,0.05564898955923742,0.6585341465853415,0.0652,False,0.029252175636240274,False,False,,0.8715893116570695
NAM,TabPFNModel,14,28,False,,,,,,,,,,,,,
NAM,TabTransformer,25,32,True,-0.01303317017903821,-0.06100549930304945,-0.04797232912401124,-0.09164494458747853,-0.010242927751546749,0.021597840215978402,0.026,False,0.01303317017903821,False,False,,0.12460292432295231
NAM,VIME,32,47,True,-0.011272786426319018,0.0051113778038295405,0.01638416423014856,-0.02061332681526931,0.05520224161924878,0.3915608439156084,0.5805,True,0.0051113778038295405,False,False,0.9620253164556962,0.6318118188181182
NAM,XGBoost,32,48,True,-0.06543678857754401,-0.08430387472604844,-0.018867086148504436,-0.06298470027799785,0.024167614102908616,0.40145985401459855,0.0,False,0.06543678857754401,False,False,,0.6318118188181182
NAM,rtdl_FTTransformer,30,44,True,-0.04916162693588227,-0.07149443795838563,-0.02233281102250336,-0.05828187119322796,0.013506443388130672,0.21737826217378262,0.0,False,0.04916162693588227,False,False,,0.43283282291239905
NAM,rtdl_MLP,32,48,True,-0.03853164290625581,-0.07277973676492759,-0.03424809385867178,-0.07041757426046304,0.0023692887906285394,0.06429357064293571,0.0,False,0.03853164290625581,False,False,,0.2333234418493635
NAM,rtdl_ResNet,32,47,True,-0.047949344145167334,-0.06889669803267719,-0.020947353887509852,-0.055323228297987345,0.014304018157443138,0.23507649235076492,0.0,False,0.047949344145167334,False,False,,0.45207017759762486
NODE,RandomForest,58,79,True,0.0054381085016388915,-0.018177161159516078,-0.02361526966115497,-0.04055576433492677,-0.007035260465695359,0.0047995200479952005,0.8501,True,0.0054381085016388915,True,False,1.0,0.05142342908566286
NODE,SAINT,34,58,True,0.012092228760997558,-0.01956434773813768,-0.03165657649913524,-0.05735511511977442,-0.009982926179660458,0.0103989601039896,0.9484,True,0.012092228760997558,True,True,1.0,0.08356307226420215
NODE,STG,57,76,True,0.04376992590462366,0.0287638283242544,-0.015006097580369263,-0.04182778123885797,0.009201937555634424,0.24777522247775222,0.0,False,0.0287638283242544,False,False,,0.46433881202043736
NODE,SVM,56,67,True,0.00645776615826567,0.0028282291065333596,-0.0036295370517323102,-0.020884412326833853,0.013785744690976117,0.6794320567943206,0.3748,False,0.0028282291065333596,False,False,,0.8769231772474926
NODE,TabNet,58,77,True,0.011710747233866736,0.04385290917618591,0.03214216194231917,0.007716698767096571,0.05706290736135969,0.0122987701229877,0.012,False,0.011710747233866736,False,False,,0.09224077592240776
NODE,TabPFNModel,20,43,True,-0.015802613342993887,-0.0307906698813849,-0.014988056538391012,-0.03395232404671817,0.003879113171383611,0.12208779122087791,0.0029,False,0.015802613342993887,False,False,,0.3359146843936296
NODE,TabTransformer,43,53,True,0.054876210563062224,0.014091687655895774,-0.04078452290716645,-0.08325218670081659,-0.0007379647105681682,0.05299470052994701,0.1925,False,0.014091687655895774,False,False,,0.1987301269873013
NODE,VIME,58,75,True,0.06576238652195489,0.10539195838923708,0.03962957186728219,0.002586261972797956,0.0771426899216911,0.036196380361963806,0.0,False,0.06576238652195489,False,False,,0.1574842515748425
NODE,XGBoost,58,80,True,-0.008499961915850755,-0.03252265468878925,-0.024022692772938496,-0.044206522066571816,-0.004902382714780638,0.0183981601839816,0.0436,False,0.008499961915850755,False,False,,0.11188070382150975
NODE,rtdl_FTTransformer,51,70,True,0.005672076891133727,-0.0019190909693893715,-0.007591167860523099,-0.028671000234881186,0.013262622152481836,0.47795220477952205,0.5636,True,0.0019190909693893715,False,False,0.9669421487603306,0.6946724682370473
NODE,rtdl_MLP,58,80,True,0.033121152389299066,0.023540768565942522,-0.009580383823356544,-0.04533254626942262,0.022040323508404586,0.5645435456454354,0.0163,False,0.023540768565942522,False,False,,0.7853381328533814
NODE,rtdl_ResNet,58,79,True,0.004597786858593708,-0.012718509385671374,-0.017316296244265082,-0.03399971607173523,-0.0017582402400289341,0.0344965503449655,0.8469,True,0.004597786858593708,False,False,1.0,0.1574842515748425
RandomForest,SAINT,40,65,True,-0.0003332767338479897,-0.005838553784980081,-0.005505277051132091,-0.034855963442887265,0.022676569951694633,0.7055294470552945,0.491,False,0.0003332767338479897,False,False,,0.8769231772474926
RandomForest,STG,70,92,True,0.03252546450523756,0.0488276528966311,0.016302188391393545,-0.011855631045547621,0.04408820494915468,0.25917408259174085,0.0,False,0.03252546450523756,False,False,,0.47027555308985236
RandomForest,SVM,65,77,True,9.402459230757502e-05,0.01207241631731462,0.011978391725007045,-0.009124920160987463,0.03342278777883836,0.26617338266173385,0.5038,False,9.402459230757502e-05,False,False,,0.4771983739126088
RandomForest,TabNet,71,94,True,0.0012308529526788362,0.04530382479942838,0.04407297184674954,0.017783337830003864,0.07101227369327484,0.0013998600139986002,0.4015,False,0.0012308529526788362,False,False,,0.025497450254974505
RandomForest,TabPFNModel,20,42,True,-0.02223056196713121,-0.013917345863467243,0.008313216103663968,-0.013156525831918658,0.029667895358317403,0.43785621437856215,0.0225,False,0.013917345863467243,False,False,,0.6611922700347415
RandomForest,TabTransformer,55,66,True,0.05023411827267154,0.04202860183244009,-0.008205516440231451,-0.05304970205940429,0.03584561382037081,0.7171282871712829,0.01,False,0.04202860183244009,False,False,,0.8769231772474926
RandomForest,VIME,69,92,True,0.0652176063861632,0.13342460014052634,0.06820699375436315,0.021984914948137382,0.11436967149227734,0.0052994700529947,0.0,False,0.0652176063861632,False,False,,0.05419912554199125
RandomForest,XGBoost,71,99,True,-0.01806379452391925,-0.02918127027553512,-0.011117475751615872,-0.027111977856868554,0.003644904271617125,0.1546845315468453,0.0,False,0.01806379452391925,False,False,,0.35860050358600504
RandomForest,rtdl_FTTransformer,59,79,True,0.0037695893265615624,0.025855983193601415,0.022086393867039852,-0.00534319953756521,0.051496207571234666,0.12718728127187282,0.3141,False,0.0037695893265615624,False,False,,0.3359146843936296
RandomForest,rtdl_MLP,71,99,True,0.021217774312745494,0.04868514492036171,0.027467370607616216,-0.01019996141233027,0.06328183501719148,0.1404859514048595,0.0299,False,0.021217774312745494,False,False,,0.3445579355107968
RandomForest,rtdl_ResNet,71,98,True,-0.005537673523187111,-0.0002717413702947353,0.005265932152892375,-0.01427100423559912,0.024125244718107723,0.5908409159084091,0.5011,False,0.0002717413702947353,False,False,,0.8056921580569215
SAINT,STG,40,66,True,0.02795337368271692,0.048446071569587294,0.020492697886870373,-0.00818878795927777,0.048840054562730696,0.16098390160983903,0.0,False,0.02795337368271692,False,False,,0.36062570213566886
SAINT,SVM,38,59,True,-0.008849945982319385,0.026120638725319122,0.03497058470763851,0.005233649671304106,0.06709585220815807,0.026697330266973303,0.8753,True,0.008849945982319385,True,False,1.0,0.14302141214449984
SAINT,TabNet,40,66,True,0.0014459335772463917,0.06550522293677222,0.06405928935952583,0.03633303097674648,0.09342826143721522,9.999000099990002e-05,0.4022,False,0.0014459335772463917,False,False,,0.008999100089991
SAINT,TabPFNModel,11,37,False,,,,,,,,,,,,,
SAINT,TabTransformer,26,39,True,0.05519450744924688,0.05601304728912558,0.0008185398398787014,-0.0705597475996104,0.0675716012372441,0.9818018198180182,0.0167,False,0.05519450744924688,False,False,,0.9818018198180182
SAINT,VIME,40,66,True,0.06255244844008624,0.1305909910299945,0.06803854258990825,0.019627288716630484,0.11692903814685233,0.0064993500649935,0.0,False,0.06255244844008624,False,False,,0.060931406859314065
SAINT,XGBoost,40,66,True,-0.01798100149917468,-0.019025809102175592,-0.0010448076030009114,-0.029672581768127985,0.0290969855894181,0.9448055194480552,0.0594,False,0.01798100149917468,False,False,,0.9619060718362553
SAINT,rtdl_FTTransformer,38,65,True,-0.00346871200172142,0.019082973394992563,0.022551685396713983,0.0015219323567650946,0.046349452516308946,0.048295170482951705,0.7819,True,0.00346871200172142,False,False,1.0,0.19404309569043093
SAINT,rtdl_MLP,40,66,True,0.01914293968095606,0.05137252386772817,0.03222958418677211,-0.010490512388005751,0.07253710173672505,0.12938706129387062,0.0625,False,0.01914293968095606,False,False,,0.3359146843936296
SAINT,rtdl_ResNet,40,66,True,-0.008148573166925552,0.006483275873598051,0.014631849040523604,-0.004159652249077609,0.03367919228729433,0.12988701129887012,0.7539,True,0.006483275873598051,False,False,1.0,0.3359146843936296
STG,SVM,65,77,True,-0.03313496327697315,-0.023604245005674526,0.009530718271298623,-0.014692009176338724,0.03537443003976764,0.45085491450854914,0.0012,False,0.023604245005674526,False,False,,0.6718036805590963
STG,TabNet,70,93,True,-0.03129601227687024,-0.002509024883790253,0.028786987393079985,-0.0016256341399715287,0.061133618562162796,0.071992800719928,0.4225,False,0.002509024883790253,False,False,,0.25711714542831426
STG,TabPFNModel,20,43,True,-0.0662781870974567,-0.05055177131942103,0.01572641577803567,-0.034125076558099716,0.07317927273695359,0.5654434556544345,0.0,False,0.05055177131942103,False,False,,0.7853381328533814
STG,TabTransformer,54,63,True,0.009557956068910895,-0.025047557210178165,-0.03460551327908906,-0.0790055674259057,0.010104283528972278,0.1264873512648735,0.6973,True,0.009557956068910895,False,False,1.0,0.3359146843936296
STG,VIME,68,90,True,0.03294605057857151,0.08378145161380018,0.050835401035228676,0.006642814581639848,0.09196924658582305,0.019998000199980003,0.0078,False,0.03294605057857151,False,False,,0.11840921171040791
STG,XGBoost,70,93,True,-0.050800149022118365,-0.07514477850626618,-0.02434462948414781,-0.056404710137432965,0.0073391519755551604,0.13538646135386462,0.0,False,0.050800149022118365,False,False,,0.34226914387212964
STG,rtdl_FTTransformer,59,77,True,-0.031768060045249055,-0.026477607845958023,0.005290452199291033,-0.02150087734993192,0.034356164183392254,0.710928907109289,0.0114,False,0.026477607845958023,False,False,,0.8769231772474926
STG,rtdl_MLP,70,93,True,-0.01094288003263747,-0.0011105600006761634,0.009832320031961305,-0.021784079691710184,0.04005884492856716,0.5157484251574842,0.4713,False,0.0011105600006761634,False,False,,0.7298326771096475
STG,rtdl_ResNet,70,92,True,-0.03807743393400034,-0.04758834467292097,-0.009510910738920623,-0.03148851969829922,0.01405038307465645,0.415958404159584,0.0,False,0.03807743393400034,False,False,,0.6366710267748735
SVM,TabNet,65,77,True,0.006417898653103868,0.04113090008328139,0.03471300143017752,0.0042774061605721165,0.06396718706778817,0.022497750224977502,0.1057,False,0.006417898653103868,False,False,,0.12654984501549843
SVM,TabPFNModel,20,43,True,-0.019211993575713588,-0.033396727049285535,-0.014184733473571947,-0.0430939474731045,0.013405351118254364,0.3144685531446855,0.0035,False,0.019211993575713588,False,False,,0.5280255556533898
SVM,TabTransformer,51,50,True,0.055838713540719856,0.020740526170990405,-0.03509818736972945,-0.08669300822992163,0.014840345268412112,0.17638236176382363,0.177,False,0.020740526170990405,False,False,,0.3708974896902833
SVM,VIME,65,76,True,0.05643596842475994,0.11176590723124084,0.055329938806480905,0.014443117944687162,0.10066256829998514,0.011398860113988602,0.0,False,0.05643596842475994,False,False,,0.08843943191887708
SVM,XGBoost,65,78,True,-0.01434395950279005,-0.036372262614242146,-0.022028303111452097,-0.049866185987850045,0.004806535985056229,0.11138886111388861,0.0129,False,0.01434395950279005,False,False,,0.33036170067203807
SVM,rtdl_FTTransformer,58,69,True,0.0033069952582195166,-0.0006262678400079787,-0.003933263098227495,-0.033220495986563826,0.027254840282748927,0.7951204879512048,0.509,True,0.0006262678400079787,False,False,0.8976377952755905,0.9269539367306793
SVM,rtdl_MLP,65,78,True,0.027275451397872196,0.026472679711384846,-0.0008027716864873503,-0.0385988066927905,0.035632432142558845,0.9655034496550345,0.0368,False,0.026472679711384846,False,False,,0.9698137329124231
SVM,rtdl_ResNet,65,77,True,-0.0006510497473300262,-0.019904288571013683,-0.01925323882368366,-0.0382790529675887,-0.0029854107159994047,0.034396560343965606,0.4167,False,0.0006510497473300262,False,False,,0.1574842515748425
TabNet,TabPFNModel,20,43,True,-0.04314517781723069,-0.11867569637623111,-0.07553051855900042,-0.11700163960533112,-0.0343600102188436,0.00019998000199980003,0.0,False,0.04314517781723069,False,False,,0.008999100089991
TabNet,TabTransformer,55,65,True,0.043252545472840805,-0.00740334481066454,-0.050655890283505346,-0.09620448977356243,-0.005205817704402419,0.031796820317968204,0.6613,True,0.00740334481066454,False,False,1.0,0.15552792546832273
TabNet,VIME,69,92,True,0.062120193168465385,0.08011876125133219,0.017998568082866803,-0.028178391917543462,0.06300009183263806,0.44485551444855514,0.0,False,0.062120193168465385,False,False,,0.6672832716728327
TabNet,XGBoost,71,95,True,-0.019294647476598092,-0.07221863068886926,-0.05292398321227117,-0.07664935643354838,-0.030728341167025105,0.00019998000199980003,0.0,False,0.019294647476598092,False,False,,0.008999100089991
TabNet,rtdl_FTTransformer,59,77,True,-0.00252577925536897,-0.038517932138567065,-0.0359921528831981,-0.06554132510989943,-0.006307858085210131,0.0164983501649835,0.3216,False,0.00252577925536897,False,False,,0.11050365551680127
TabNet,rtdl_MLP,71,95,True,0.01998692136006666,0.0005239343783077549,-0.019462986981758905,-0.05535513656652431,0.014520249194306356,0.27077292270772924,0.4905,False,0.0005239343783077549,False,False,,0.4771983739126088
TabNet,rtdl_ResNet,71,94,True,-0.006768526475865948,-0.04827398749995397,-0.041505461024088024,-0.06316181376483063,-0.021091645112930074,0.00039996000399960006,0.0628,False,0.006768526475865948,False,False,,0.011248875112488751
TabPFNModel,TabTransformer,16,25,False,,,,,,,,,,,,,
TabPFNModel,VIME,20,43,True,0.08038882188059948,0.14281136313739973,0.062422541256800246,0.0022816755409115807,0.12020202602901067,0.036396360363963605,0.0,False,0.08038882188059948,False,False,,0.1574842515748425
TabPFNModel,XGBoost,20,43,True,0.014938147943761521,0.013580431758871537,-0.0013577161848899837,-0.023664324559696335,0.01992774774442039,0.9059094090590941,0.0599,False,0.013580431758871537,False,False,,0.9480447304106798
TabPFNModel,rtdl_FTTransformer,20,43,True,0.023808087845220167,0.025146929734663412,0.001338841889443245,-0.03129764909414825,0.033956501336746596,0.9358064193580642,0.0276,False,0.023808087845220167,False,False,,0.9588132095881321
TabPFNModel,rtdl_MLP,20,43,True,0.05325263457575363,0.041013106251681426,-0.012239528324072206,-0.06432438925649427,0.03700812734507367,0.6339366063393661,0.002,False,0.041013106251681426,False,False,,0.8490222406330796
TabPFNModel,rtdl_ResNet,20,43,True,0.017073642644072805,0.01969284516342799,0.002619202519355185,-0.023291407445740302,0.028228059247253738,0.8461153884611539,0.0366,False,0.017073642644072805,False,False,,0.943607562320691
TabTransformer,VIME,53,64,True,0.00903599872284248,0.09095769550361343,0.08192169678077095,0.021979872362913065,0.1414460433179384,0.0082991700829917,0.3328,False,0.00903599872284248,False,False,,0.07181974110281279
TabTransformer,XGBoost,55,67,True,-0.06742310848874063,-0.07188158587725917,-0.004458477388518539,-0.048147402551029006,0.038290997600849176,0.8438156184381562,0.0,False,0.06742310848874063,False,False,,0.943607562320691
TabTransformer,rtdl_FTTransformer,45,48,True,-0.05584055461389643,-0.03403947128624232,0.021801083327654104,-0.02472640073805707,0.0685123280366283,0.36236376362363765,0.0305,False,0.03403947128624232,False,False,,0.5951229694548794
TabTransformer,rtdl_MLP,55,67,True,-0.026953555788033132,0.017415857474679122,0.04436941326271225,0.008044198017724663,0.0816037154569811,0.017798220177982202,0.8861,True,0.017415857474679122,True,True,1.0,0.11186381361863813
TabTransformer,rtdl_ResNet,55,67,True,-0.05053081632759725,-0.038908073824688,0.011622742502909247,-0.025127370873944857,0.04902346854768866,0.5309469053094691,0.0007,False,0.038908073824688,False,False,,0.7466440855914409
VIME,XGBoost,69,93,True,-0.08167489944010636,-0.1603232099403079,-0.07864831050020155,-0.12843001354665182,-0.02929389655391714,0.0016998300169983002,0.0,False,0.08167489944010636,False,False,,0.025497450254974505
VIME,rtdl_FTTransformer,59,77,True,-0.05479582004709895,-0.11135787196692937,-0.056562051919830415,-0.09325704655392793,-0.02126424165694388,0.0025997400259974,0.0,False,0.05479582004709895,False,False,,0.034408323873495
VIME,rtdl_MLP,69,93,True,-0.04246001390838299,-0.08118197847763588,-0.038721964569252885,-0.07531779773962351,-0.0004581918928837953,0.04279572042795721,0.0001,False,0.04246001390838299,False,False,,0.17831550178315503
VIME,rtdl_ResNet,69,93,True,-0.0688040599562612,-0.13269426340231935,-0.06389020344605816,-0.10795484236636994,-0.017440865475070982,0.0058994100589941,0.0,False,0.0688040599562612,False,False,,0.057711620142333594
XGBoost,rtdl_FTTransformer,59,80,True,0.015555308577480921,0.05051849901502152,0.0349631904375406,0.00456561186066633,0.06731253307906185,0.028097190280971903,0.0049,False,0.015555308577480921,False,False,,0.14702018170275996
XGBoost,rtdl_MLP,71,100,True,0.039281568836664754,0.0771210843772712,0.03783951554060645,-0.0011867963710321093,0.07547391087833548,0.052894710528947106,0.0,False,0.039281568836664754,False,False,,0.1987301269873013
XGBoost,rtdl_ResNet,71,99,True,0.012526121000732146,0.028878645937554535,0.01635252493682239,-0.004158442773224399,0.03664718568945933,0.11158884111588842,0.0137,False,0.012526121000732146,False,False,,0.33036170067203807
rtdl_FTTransformer,rtdl_MLP,59,80,True,0.02541903059765924,0.027894135540199184,0.002475104942539944,-0.029241328748380015,0.031829065766793535,0.8723127687231277,0.002,False,0.02541903059765924,False,False,,0.943607562320691
rtdl_FTTransformer,rtdl_ResNet,59,79,True,-0.004283592386028889,-0.01664751789925025,-0.012363925513221363,-0.0358083450586168,0.006046030437721941,0.24027597240275972,0.116,False,0.004283592386028889,False,False,,0.4543033091648818
rtdl_MLP,rtdl_ResNet,71,99,True,-0.026755447835932603,-0.04842213407487998,-0.02166668623894738,-0.05028467250636663,0.00815136376825152,0.14088591140885912,0.0,False,0.026755447835932603,False,False,,0.3445579355107968
