algorithm_a,algorithm_b,n_cc18_common_104,n_outside_common_104,eligible_104,delta_cc18_104,delta_outside_104,interaction_shift_out_minus_cc18,interaction_ci_lo,interaction_ci_hi,bootstrap_p_104,sign_reversal_104,bootstrap_prob_shift_positive,bootstrap_prob_shift_negative,cc18_sd,outside_sd,cc18_median,outside_median,bootstrap_q_bh_104,n_cc18_common_broad,n_outside_common_broad,eligible_broad,delta_cc18_broad,delta_outside_broad,interaction_shift,ci_lo,ci_hi,bootstrap_p_broad,bootstrap_reversal_probability,sign_reversal_broad,min_abs_contrast,strong_reversal_005,strong_reversal_010,loo_reversal_retention,bootstrap_q_bh_broad,same_reversal_flag
CatBoost,DANet,46,58,True,0.0030271924356844,0.0306382818270419,0.0276110893913575,0.0087896081891399,0.0468256815407767,0.0052994700529947,False,0.9976,0.0024,0.0273306804018264,0.0672455802412156,0.0020125845810018,0.0217808642183066,0.0311853430041611,60,83,True,0.00882507132277381,0.03406327051743035,0.025238199194656537,0.007265733911282578,0.04364660589393838,0.007599240075992401,0.0223,False,0.00882507132277381,False,False,,0.039896010398960104,True
CatBoost,DecisionTree,46,58,True,0.0405467714734915,0.0286411636966696,-0.0119056077768219,-0.0277018700906977,0.0028998248256024,0.1336866313368663,False,0.0637,0.9363,0.0439650212200778,0.0342639830783975,0.0252647428848801,0.0284213241240395,0.2964355738339209,68,95,True,0.047573346180083215,0.04544364581496111,-0.0021297003651221044,-0.0206751237253594,0.01821171855218095,0.8313168683131686,0.0,False,0.04544364581496111,False,False,,0.9099090090990901,True
CatBoost,KNN,46,58,True,0.0559936994463659,0.0941623475140031,0.0381686480676372,0.0018992231503806,0.0760126572673621,0.0424957504249575,False,0.9814,0.0186,0.079587771617898,0.1152827246670232,0.0197317651968516,0.0532704126426689,0.1326908125513979,66,94,True,0.04752178755616463,0.08060345465151826,0.03308166709535363,0.005639417503201834,0.06016255659428235,0.016798320167983202,0.0,False,0.04752178755616463,False,False,,0.06571565065715651,True
CatBoost,LightGBM,46,58,True,0.0014737980014777,0.0227585573127542,0.0212847593112765,0.0106868369702539,0.0323895439877716,0.0003999600039996,False,0.9999,0.0001,0.0134630004981784,0.0399215957562982,0.0003117924528301,0.0073333333333333,0.0069538500695385,67,92,True,-0.001888616359586379,0.006143834441286848,0.008032450800873227,-0.004495291975961407,0.019977046344652173,0.1947805219478052,0.6844,True,0.001888616359586379,False,False,1.0,0.3298702387825734,False
CatBoost,LinearModel,46,58,True,0.066474759078946,0.0695265656912849,0.0030518066123389,-0.0435540337499995,0.0515892375785534,0.8943105689431057,False,0.5559,0.4441,0.0981890088433639,0.1505513450186746,0.0260708225751463,0.0262951506061741,0.96832851926075,64,95,True,0.06785245838330925,0.09627899128150112,0.028426532898191872,-0.010168002095103108,0.06699390926936682,0.15308469153084692,0.0,False,0.06785245838330925,False,False,,0.28703379662033796,True
CatBoost,MLP,46,58,True,0.0550632766733932,0.0670203930458324,0.0119571163724392,-0.0308725660582099,0.0529677986774143,0.5657434256574343,False,0.7132,0.2868,0.0977581548462154,0.120097616762214,0.0180168975791448,0.0313017665147808,0.7660065851821899,68,94,True,0.047303882631687715,0.07534681028889749,0.028042927657209775,-0.004618126760836415,0.0606890902180204,0.0922907709229077,0.0,False,0.047303882631687715,False,False,,0.2153451321534513,True
CatBoost,NODE,46,58,True,0.005948359037038,0.0350085802900495,0.0290602212530114,0.0086620456139438,0.0497271802167242,0.0058994100589941,False,0.9975,0.0025,0.0380375579235229,0.06904265034622,0.0004733227777786,0.0137374413872632,0.0334299903342999,58,78,True,0.006718926154471789,0.03516280344536408,0.02844387729089229,0.011331601877157368,0.045955760826700214,0.0008999100089991,0.0691,False,0.006718926154471789,False,False,,0.011453400114534001,True
CatBoost,RandomForest,46,58,True,0.0071014862172394,0.0193577367588625,0.012256250541623,-0.0008271282742274,0.0293010016529737,0.1004899510048995,False,0.9654,0.0346,0.0109780448920902,0.057801351207073,0.0044687514637439,0.0062059754980677,0.2440470238690416,68,94,True,0.01232737956570287,0.02219434162096189,0.00986696205525902,-0.002271257202549052,0.02348880575271235,0.12708729127087293,0.0,False,0.01232737956570287,False,False,,0.2517767091215407,True
CatBoost,SAINT,46,58,True,0.0184054768953802,0.0139136447974491,-0.004491832097931,-0.0280419469061235,0.0152223138421324,0.6885311468853115,False,0.3579,0.6421,0.0660145880012445,0.0401499059854433,0.0045545300755144,0.0047377957084106,0.8427621237876213,39,64,True,0.012961921772312849,0.015473375510095776,0.002511453737782927,-0.02930635609874983,0.030689223436610766,0.8713128687131287,0.1679,False,0.012961921772312849,False,False,,0.9274072592740726,True
CatBoost,STG,46,58,True,0.0447321978420584,0.0528898493955059,0.0081576515534474,-0.0294331809510117,0.0427063419577332,0.6423357664233577,False,0.6795,0.3205,0.0992627432571456,0.0838553725365015,0.0083657899462076,0.0245564266630168,0.8399775407074678,67,88,True,0.04633483612421551,0.07017755045159203,0.023842714327376523,-0.007093085125698595,0.05331605087700098,0.12158784121587841,0.0,False,0.04633483612421551,False,False,,0.2501576765400383,True
CatBoost,SVM,46,58,True,0.0082644634514026,0.0366515798249215,0.0283871163735189,-0.0008829806710839,0.0587795893400087,0.0625937406259374,False,0.972,0.028,0.0540377711730353,0.0999619409951788,0.0055494935929717,0.0196455443069616,0.1773489317734893,63,76,True,0.0118275834850434,0.03521191258044918,0.02338432909540578,-0.0002835242209972283,0.048996944009542645,0.06379362063793621,0.0308,False,0.0118275834850434,False,False,,0.17175205556367443,True
CatBoost,TabNet,46,58,True,0.0148281752494037,0.0905798698151915,0.0757516945657877,0.0458208051133193,0.107075925525774,9.999000099990002e-05,False,1.0,0.0,0.0380652212539763,0.1136844103744156,0.0084295456457891,0.0365255496137849,0.0030596940305969,68,90,True,0.01552469955714136,0.07025707814732753,0.05473237859018616,0.029834994120449456,0.0814003429148248,9.999000099990002e-05,0.0002,False,0.01552469955714136,False,False,,0.0026247375262473754,True
CatBoost,VIME,46,58,True,0.0723643256281767,0.1499516132847241,0.0775872876565474,0.0286388314398568,0.1279244522801337,0.0025997400259974,False,0.9988,0.0012,0.1116010134643998,0.1509638718239092,0.0244046446739714,0.1003003003003003,0.0209347486304001,67,90,True,0.07954694811277256,0.15507057813040748,0.07552363001763492,0.02665652029728838,0.12334949127224275,0.0030996900309969004,0.0,False,0.07954694811277256,False,False,,0.023247675232476752,True
CatBoost,XGBoost,46,58,True,0.0002028843692061,0.0065004976971095,0.0062976133279034,-0.001515287713453,0.0140345683218347,0.1128887111288871,False,0.943,0.057,0.0145253166924319,0.0258472183195501,0.0004615565828852,0.002363031040038,0.2657226585033804,68,95,True,-0.004404836219962477,-0.006133852198071866,-0.001729015978109389,-0.014117680120406179,0.009060029386668658,0.7647235276472353,0.137,False,0.004404836219962477,False,False,,0.8633975312146206,True
DANet,DecisionTree,46,58,True,0.0375195790378071,-0.0019971181303723,-0.0395166971681794,-0.0642033127569855,-0.0153465413625409,0.0015998400159984,True,0.0005,0.9995,0.060027537625564,0.0673593080668339,0.0156296116948124,-0.0008411562412862,0.0152984701529847,62,85,True,0.04128638574011439,0.013841396864541857,-0.02744498887557253,-0.05177078283514012,-0.0020961053608467353,0.030496950304969503,0.0668,False,0.013841396864541857,False,False,,0.10006811818818118,False
DANet,KNN,46,58,True,0.0529665070106815,0.0635240656869611,0.0105575586762796,-0.023597952856897,0.0460927720837474,0.5500449955004499,False,0.7213,0.2787,0.0724790257297456,0.1083720447869762,0.0231193693693694,0.0307720027720027,0.7650625846506258,62,84,True,0.04035541514783566,0.054688492338411096,0.014333077190575437,-0.014547901344236936,0.04326880229680542,0.3331666833316668,0.0,False,0.04035541514783566,False,False,,0.47921235273732904,True
DANet,LightGBM,46,58,True,-0.0015533944342066,-0.0078797245142876,-0.006326330080081,-0.0241650078123974,0.0108270548675928,0.4701529847015298,False,0.234,0.766,0.0251776527857889,0.0620602983184932,-0.0013632591083709,-0.0040101443693996,0.6898881540417386,62,81,True,-0.007857500473923805,-0.018022627783267544,-0.01016512730934374,-0.029685709101723353,0.008524276536139103,0.2933706629337066,0.0676,False,0.007857500473923805,False,False,,0.42783221677832217,True
DANet,LinearModel,46,58,True,0.0634475666432616,0.0388882838642429,-0.0245592827790186,-0.0656326725058563,0.0156670332930753,0.2402759724027597,False,0.1154,0.8846,0.0995965714183375,0.1189317944188468,0.0205695679788558,0.0021739130434782,0.442918358766533,61,85,True,0.056901176545333776,0.05015675897014778,-0.006744417575185999,-0.039725042739075934,0.02767711122901713,0.6855314468553144,0.0,False,0.05015675897014778,False,False,,0.8290550255319296,True
DANet,MLP,46,58,True,0.0520360842377088,0.0363821112187904,-0.0156539730189183,-0.0513006487191661,0.0186181161032304,0.3771622837716228,False,0.1884,0.8116,0.0924741277086829,0.0894032900643439,0.0094206499093822,0.007899332471053,0.6138918023091308,62,84,True,0.043575140458620584,0.045656450478884704,0.0020813100202641197,-0.027564547355861346,0.0305733752561728,0.8878112188781122,0.0,False,0.043575140458620584,False,False,,0.9289512225248063,True
DANet,NODE,46,58,True,0.0029211666013536,0.0043702984630075,0.0014491318616538,-0.0149058615201328,0.0182421831378932,0.8628137186281372,False,0.5607,0.4393,0.0303382427783618,0.05493133305593,-0.0010973763368851,-0.0024849397652864,0.9429321353578928,53,75,True,0.00023685425632304053,0.002780989028746132,0.0025441347724230916,-0.01167739225119008,0.017080256558947248,0.7247275272472753,0.5121,False,0.00023685425632304053,False,False,,0.8336394621407424,True
DANet,RandomForest,46,58,True,0.004074293781555,-0.0112805450681794,-0.0153548388497344,-0.0330624401044792,0.0021936896198152,0.0867913208679132,True,0.0442,0.9558,0.0281371166563475,0.0611668140220946,0.0051999995541607,-0.0076473143423682,0.2176897064391921,62,84,True,0.002637674977862888,-0.010583900984664033,-0.01322157596252692,-0.029800564076771337,0.0038307919706278204,0.12388761123887611,0.7045,True,0.002637674977862888,False,False,1.0,0.2501576765400383,True
DANet,SAINT,46,58,True,0.0153782844596958,-0.0167246370295927,-0.0321029214892885,-0.0600462733761429,-0.0073707052767744,0.0190980901909809,True,0.0061,0.9939,0.0708340650347861,0.0673844565784701,0.0003787829865336,-0.008896614526961,0.0768949420847388,36,63,True,0.005481612148541096,-0.013185855338028882,-0.01866746748656998,-0.04286035367245487,0.0046956489588291135,0.12158784121587841,0.6993,True,0.005481612148541096,False,False,0.98989898989899,0.2501576765400383,True
DANet,STG,46,58,True,0.041705005406374,0.0222515675684639,-0.01945343783791,-0.0521406451998052,0.0100567657655104,0.2147785221477852,False,0.1064,0.8936,0.0912443252322346,0.0663989192881953,0.0103174603174601,0.0072699567963507,0.4048497589265464,62,85,True,0.03346774571757664,0.03588841091682161,0.00242066519924497,-0.0247677770709159,0.02792291101275508,0.8562143785621438,0.0,False,0.03346774571757664,False,False,,0.92682999741263,True
DANet,SVM,46,58,True,0.0052372710157182,0.0060132979978795,0.0007760269821613,-0.0179790997467954,0.0196642278332917,0.938906109389061,False,0.5322,0.4678,0.0384225157388132,0.0625370385891847,0.0012000559249362,-0.0014662468656934,0.9775515691674076,62,73,True,0.000710860017089719,0.0025424376490923517,0.0018315776320026328,-0.015114045945326263,0.018653167518757657,0.831916808319168,0.4896,False,0.000710860017089719,False,False,,0.9099090090990901,True
DANet,TabNet,46,58,True,0.0118009828137193,0.0599415879881495,0.0481406051744302,0.0214643950137848,0.0748109402716581,0.0004999500049995,False,0.9999,0.0001,0.025182144129615,0.1001228391483788,0.0039251184060101,0.0191066066066067,0.0069538500695385,62,85,True,0.008908664053785605,0.045622433870867875,0.03671376981708227,0.016975800772396736,0.05662191848449684,0.00029997000299970003,0.0115,False,0.008908664053785605,False,False,,0.005249475052494751,True
DANet,VIME,46,58,True,0.0693371331924923,0.1193133314576821,0.0499761982651898,0.0009917571349992,0.0966246921712955,0.03999600039996,False,0.978,0.022,0.1103742832528465,0.1376342353730137,0.0185952741534638,0.1010064903613291,0.128443405659434,62,84,True,0.05922165288263956,0.12705107260491422,0.06782941972227466,0.024833520068765887,0.11167268507085827,0.0022997700229977,0.0,False,0.05922165288263956,False,False,,0.020122987701229878,True
DANet,XGBoost,46,58,True,-0.0028243080664783,-0.0241377841299324,-0.0213134760634541,-0.0407804598908434,-0.0027104488598527,0.0283971602839716,False,0.0123,0.9877,0.029382868825762,0.0664694730151695,-0.0015862284168919,-0.0093090391741065,0.1085818247443548,62,85,True,-0.010561586402518277,-0.03094701202349127,-0.020385425620972994,-0.03964327094845726,-0.0015207586259871667,0.036996300369963,0.0184,False,0.010561586402518277,False,False,,0.1142532805542975,True
DecisionTree,KNN,46,58,True,0.0154469279728743,0.0655211838173334,0.0500742558444591,0.01103470002032,0.0914015425571755,0.0143985601439856,False,0.9952,0.0048,0.0914856479740886,0.1216564888033978,0.0013695166427453,0.024090909090909,0.0629422772008513,68,96,True,-0.0009591232904972937,0.03435725044737482,0.03531637373787211,0.0031794864056827995,0.06764812277725545,0.0324967503249675,0.5425,True,0.0009591232904972937,False,False,0.9085365853658537,0.10339875103398752,False
DecisionTree,LightGBM,46,58,True,-0.0390729734720137,-0.0058826063839153,0.0331903670880984,0.0167286426028284,0.050781184823938,0.0004999500049995,False,1.0,0.0,0.0470021122379904,0.0429845202368614,-0.0194359632518658,-0.0071794871794871,0.0069538500695385,69,95,True,-0.05035538974909,-0.031602568634483165,0.018752821114606834,-0.0006050946823424541,0.037566373802162635,0.055094490550944904,0.0,False,0.031602568634483165,False,False,,0.15223477652234776,True
DecisionTree,LinearModel,46,58,True,0.0259279876054544,0.0408854019946153,0.0149574143891608,-0.0345374197716037,0.065846557044717,0.5435456454354565,False,0.7294,0.2706,0.1032949279860412,0.1556458142098888,0.0023249586756695,0.00015015015015,0.7629585665286682,67,100,True,0.01615109660688021,0.04803150629991437,0.03188040969303416,-0.005384718245819841,0.06953256501416431,0.0953904609539046,0.0914,False,0.01615109660688021,False,False,,0.2177390956556518,True
DecisionTree,MLP,46,58,True,0.0145165051999017,0.0383792293491627,0.023862724149261,-0.0192424941635305,0.065467928293883,0.2614738526147385,False,0.8618,0.1382,0.1029106474283815,0.1225665194431955,-0.0025714888195364,0.0067200328407224,0.4706529347065294,71,99,True,-0.0038735732768552635,0.02927505853121369,0.03314863180806896,0.0013271329518586865,0.06465386004277057,0.0408959104089591,0.638,True,0.0038735732768552635,False,False,1.0,0.11927973869279739,False
DecisionTree,NODE,46,58,True,-0.0345984124364534,0.0063674165933798,0.0409658290298333,0.0159980214730241,0.0672287067113751,0.0020997900209979,True,0.9994,0.0006,0.0628657084722645,0.0712304517777589,-0.0188627441075612,-0.000392156862745,0.0178482151784821,58,80,True,-0.03551448953195529,0.005396550956104929,0.04091104048806022,0.019732973318405084,0.06396378669180754,0.00019998000199980003,0.7691,True,0.005396550956104929,False,False,1.0,0.004199580041995801,True
DecisionTree,RandomForest,46,58,True,-0.033445285256252,-0.009283426937807,0.0241618583184449,0.0054595042490364,0.0449479162256923,0.015998400159984,False,0.9963,0.0037,0.0441674672968328,0.060568387363278,-0.0182782350382092,-0.0138284959067929,0.067993200679932,71,99,True,-0.037604062325623334,-0.024382174743504317,0.013221887582119018,-0.0058390129141012775,0.03104565555636798,0.1528847115288471,0.0005,False,0.024382174743504317,False,False,,0.28703379662033796,True
DecisionTree,SAINT,46,58,True,-0.0221412945781113,-0.0147275188992204,0.0074137756788908,-0.0181681918853431,0.0324115981222561,0.5727427257274272,False,0.7192,0.2808,0.0792060017255402,0.045177765609302,-0.0137313984677849,-0.0189264620936284,0.7686810266341787,40,66,True,-0.0406021726354292,-0.028254847799506964,0.012347324835922237,-0.02310381385591999,0.04622201455220415,0.4754524547545245,0.0046,False,0.028254847799506964,False,False,,0.5943155684431557,True
DecisionTree,STG,46,58,True,0.0041854263685668,0.0242486856988362,0.0200632593302694,-0.0175687413247031,0.0573671247960649,0.2892710728927107,False,0.8551,0.1449,0.1076010038104927,0.0816685518330733,-0.0025300605112915,0.0023994057750316,0.5029372062793721,70,93,True,-0.005596072797130553,0.023809405386881352,0.029405478184011905,-0.0037820540720756883,0.06139350515492791,0.07929207079292071,0.6675,True,0.005596072797130553,False,False,1.0,0.19823017698230178,False
DecisionTree,SVM,46,58,True,-0.0322823080220889,0.0080104161282519,0.0402927241503408,0.0081108114052764,0.0755336932534657,0.0177982201779822,True,0.9946,0.0054,0.0787128254936117,0.0985468634372677,-0.0119853585398552,-0.0036862745098039,0.0735980456008453,65,78,True,-0.036968980678971426,-0.010746296772008805,0.02622268390696262,-0.006651266177255647,0.05862975586285293,0.11098890110988902,0.2117,False,0.010746296772008805,False,False,,0.24278822117788224,False
DecisionTree,TabNet,46,58,True,-0.0257185962240877,0.0619387061185219,0.0876573023426097,0.0570168272469301,0.1198350128227528,9.999000099990002e-05,True,1.0,0.0,0.0601421721040603,0.1062882145433164,-0.0128487519200015,0.0251449275362319,0.0030596940305969,71,95,True,-0.03637320937294449,0.021172515236043875,0.057545724608988366,0.029266485265601286,0.08631538860817814,9.999000099990002e-05,0.9618,True,0.021172515236043875,True,True,1.0,0.0026247375262473754,True
DecisionTree,VIME,46,58,True,0.0318175541546851,0.1213104495880545,0.0894928954333693,0.0393734580277883,0.1411048431494032,0.0007999200079992,False,0.9996,0.0004,0.1151450627312352,0.1536225440170205,0.0039586814170917,0.0832678821879384,0.0094144431710675,69,93,True,0.02952060367567018,0.10710379331861997,0.07758318964294979,0.032139086087365445,0.12343521944820164,0.0011998800119988001,0.025,False,0.02952060367567018,False,False,,0.011453400114534001,True
DecisionTree,XGBoost,46,58,True,-0.0403438871042854,-0.0221406659995601,0.0182032211047253,0.0034492223507312,0.0342903504138795,0.020997900209979,False,0.9926,0.0074,0.0439608987089529,0.0356376732233183,-0.0232967131933916,-0.0180656173636176,0.0823763777468407,71,100,True,-0.05566785684954259,-0.05312458476239744,0.0025432720871451514,-0.019605505034751624,0.024075633180075155,0.8226177382261773,0.0,False,0.05312458476239744,False,False,,0.9099090090990901,True
KNN,LightGBM,46,58,True,-0.0545199014448881,-0.0714037902012488,-0.0168838887563607,-0.0574665552588675,0.0215934345741109,0.3897610238976102,False,0.197,0.803,0.0817088837593194,0.125137747685134,-0.0207614436203763,-0.0412554748732134,0.6277203858561512,68,93,True,-0.048511576812045695,-0.07333333003267975,-0.024821753220634055,-0.05363493697600733,0.003022997171891185,0.08309169083091691,0.0,False,0.048511576812045695,False,False,,0.20289831481968082,True
KNN,LinearModel,46,58,True,0.01048105963258,-0.0246357818227181,-0.0351168414552982,-0.071641609123573,0.0007080723794332,0.0578942105789421,True,0.0284,0.9716,0.0775675364034891,0.1099268612879528,0.0026252367016698,-0.0105555555555555,0.1703425811265027,65,96,True,0.01757412106378886,0.01629190939567512,-0.0012822116681137398,-0.03387172775158388,0.032750028815635344,0.9454054594540546,0.1507,False,0.01629190939567512,False,False,,0.9454054594540546,False
KNN,MLP,46,58,True,-0.0009304227729726,-0.0271419544681707,-0.026211531695198,-0.0573564108000899,0.0042575839670329,0.0934906509349065,False,0.0458,0.9542,0.0616141206238571,0.0967027548100899,-0.0015451782583285,-0.0204434521518206,0.2307107998877531,68,95,True,0.0013781024531085045,-0.0032958048891347925,-0.004673907342243297,-0.031316389424688576,0.022646728952783794,0.7304269573042695,0.521,True,0.0013781024531085045,False,False,0.9570552147239264,0.8336394621407424,False
KNN,NODE,46,58,True,-0.0500453404093278,-0.0591537672239536,-0.0091084268146258,-0.0411650354526792,0.0213809512585599,0.5632436756324367,False,0.2818,0.7182,0.0659466129561706,0.0978455602730423,-0.0193750024257203,-0.0333333333333333,0.7660065851821899,58,78,True,-0.04705192925528188,-0.051732311186243954,-0.004680381930962076,-0.031192429205173386,0.022447248751317345,0.7272272772722728,0.0,False,0.04705192925528188,False,False,,0.8336394621407424,True
KNN,RandomForest,46,58,True,-0.0488922132291264,-0.0748046107551406,-0.0259123975260141,-0.0645499121767814,0.0115784367500135,0.1737826217378262,False,0.0842,0.9158,0.0786418545482279,0.1162918160997792,-0.0192997487698899,-0.0431644536745133,0.359307312511992,68,95,True,-0.034589726098511374,-0.05797391798161297,-0.023384191883101597,-0.050713922684124654,0.0035291738139590755,0.08849115088491151,0.0,False,0.034589726098511374,False,False,,0.21117206461172067,True
KNN,SAINT,46,58,True,-0.0375882225509857,-0.0802487027165539,-0.0426604801655682,-0.0838592087707966,-0.0039502791183824,0.0353964603539646,False,0.0141,0.9859,0.0947142021059304,0.1147765839413669,-0.0183972132605681,-0.0489420062695925,0.1210278972102789,40,66,True,-0.027797290423143543,-0.06841805945786635,-0.0406207690347228,-0.08271391027350133,-0.0022105880591105726,0.0476952304769523,0.0198,False,0.027797290423143543,False,False,,0.13535132973189165,True
KNN,STG,46,58,True,-0.0112615016043075,-0.0412724981184972,-0.0300109965141897,-0.0628174280521697,0.0012356550488861,0.0655934406559344,False,0.0298,0.9702,0.0888171936466479,0.0827171901495495,0.0006149635036496,-0.0173351648351648,0.1824690258246902,67,90,True,-0.0013712753504392674,-0.01362533009466408,-0.012254054744224812,-0.04117029337579221,0.016989756190546365,0.406959304069593,0.4444,False,0.0013712753504392674,False,False,,0.5438190358179372,True
KNN,SVM,46,58,True,-0.0477292359949633,-0.0575107676890816,-0.0097815316941183,-0.0442973094372606,0.0233522205345635,0.5641435856414359,False,0.2806,0.7194,0.0641816519672575,0.1107884762571399,-0.0188916870545685,-0.0297599076232596,0.7660065851821899,65,78,True,-0.03759905113609884,-0.049093673542518375,-0.011494622406419533,-0.039831905556484214,0.015394854905091345,0.4026597340265973,0.0,False,0.03759905113609884,False,False,,0.5438190358179372,True
KNN,TabNet,46,58,True,-0.0411655241969621,-0.0035824776988115,0.0375830464981505,-0.0055210034340043,0.0796135030611465,0.0844915508449155,False,0.9566,0.0434,0.075279960756589,0.1420548676402536,-0.0125610260759866,-0.0012226290751464,0.2154534546545345,68,91,True,-0.030933317308284386,-0.012458210611569875,0.01847510669671451,-0.01301087135749289,0.049362865079925954,0.23847615238476152,0.1735,False,0.012458210611569875,False,False,,0.3848024288480243,True
KNN,VIME,46,58,True,0.0163706261818108,0.055789265770721,0.0394186395889101,-0.0005247910222077,0.0818972388972766,0.0617938206179382,False,0.9732,0.0268,0.0742493906582178,0.1361497524429375,0.0002479585170668,0.0002191821763277,0.1773489317734893,68,91,True,0.020445156011818094,0.0719370763057274,0.05149192029390931,0.013291163220212522,0.09047480939836315,0.0098990100989901,0.0056,False,0.020445156011818094,False,False,,0.049495050494950496,True
KNN,XGBoost,46,58,True,-0.0557908150771598,-0.0876618498168936,-0.0318710347397337,-0.0724974262712763,0.0069624593268889,0.1114888511148885,False,0.0539,0.9461,0.0835011838184824,0.1235339011066427,-0.0198416061110588,-0.0451215940921823,0.2657226585033804,68,96,True,-0.05063126505870998,-0.08494414686452029,-0.034312881805810304,-0.06208143061789216,-0.005700471980150705,0.0168983101689831,0.0,False,0.05063126505870998,False,False,,0.06571565065715651,True
LightGBM,LinearModel,46,58,True,0.0650009610774682,0.0467680083785306,-0.0182329526989375,-0.0674852849131839,0.031277596552309,0.4660533946605339,False,0.2299,0.7701,0.1036913598734932,0.1555086473044696,0.0190334199338687,0.0085098737657792,0.6898881540417386,66,95,True,0.06843048301950555,0.08418914013119227,0.015758657111686725,-0.02633132337431468,0.058738164469179156,0.46585341465853414,0.0,False,0.06843048301950555,False,False,,0.5893326330017601,True
LightGBM,MLP,46,58,True,0.0535894786719154,0.0442618357330781,-0.0093276429388373,-0.0532187958682257,0.0339000291946049,0.671032896710329,False,0.3362,0.6638,0.099738121117103,0.1248570702304485,0.0159197322622264,0.0098977930450716,0.8415412557104944,69,94,True,0.04931094685344389,0.06349411152653409,0.014183164673090193,-0.01940502707158125,0.04853211168323763,0.40915908409159085,0.0,False,0.04931094685344389,False,False,,0.5438190358179372,True
LightGBM,NODE,46,58,True,0.0044745610355602,0.0122500229772952,0.0077754619417349,-0.0152022655411119,0.0310651561393,0.5114488551144886,False,0.7436,0.2564,0.0386951697859224,0.0792387732840473,0.0003164298546464,0.0026567256912083,0.7382233474765731,58,78,True,0.0056467061549822905,0.018486059518300353,0.012839353363318063,-0.007530836819045066,0.03329218282182192,0.21977802219778023,0.1627,False,0.0056467061549822905,False,False,,0.3605733176682332,True
LightGBM,RandomForest,46,58,True,0.0056276882157616,-0.0034008205538917,-0.0090285087696534,-0.0242410174762012,0.0090185025671595,0.2770722927707229,True,0.1417,0.8583,0.0133462613885551,0.0636422869082442,0.0034087026683951,-0.0036508111090812,0.4929309394641931,69,94,True,0.014140167576899247,0.015496314087866133,0.001356146510966886,-0.01434181833133932,0.018405446588539875,0.8744125587441256,0.0119,False,0.014140167576899247,False,False,,0.9274072592740726,False
LightGBM,SAINT,46,58,True,0.0169316788939024,-0.0088449125153051,-0.0257765914092075,-0.0510396035288001,-0.0031798403368526,0.0353964603539646,True,0.0122,0.9878,0.064201590321756,0.0593913627603809,0.0031734132933533,-0.0041741582159585,0.1210278972102789,40,65,True,0.019652318471182158,0.0030104532321080305,-0.016641865239074127,-0.04707273339321887,0.012230616417250758,0.27977202279772023,0.4073,False,0.0030104532321080305,False,False,,0.4137473576586003,False
LightGBM,STG,46,58,True,0.0432583998405806,0.0301312920827516,-0.013127107757829,-0.0490154597543942,0.0221718505964865,0.4734526547345265,False,0.2342,0.7658,0.0980443051645353,0.0894180852561785,0.0104547591069329,0.0080128205128204,0.6898881540417386,68,88,True,0.04711182305045157,0.059079661154644005,0.011967838104192434,-0.021072422170424123,0.04449431948827174,0.46565343465653436,0.0,False,0.04711182305045157,False,False,,0.5893326330017601,True
LightGBM,SVM,46,58,True,0.0067906654499248,0.0138930225121672,0.0071023570622424,-0.0212064596414956,0.0391207100767084,0.6488351164883511,False,0.6651,0.3349,0.054887092905768,0.1013561871595403,0.0017298894683612,0.0061790833935508,0.8409101238636467,65,75,True,0.011889662168634322,0.023522263386411033,0.011632601217776711,-0.015109794525596887,0.039569569216569296,0.40075992400759924,0.0601,False,0.011889662168634322,False,False,,0.5438190358179372,True
LightGBM,TabNet,46,58,True,0.0133543772479259,0.0678213125024372,0.0544669352545112,0.0278805678719447,0.0834661463099414,0.0004999500049995,False,1.0,0.0,0.0340140095242675,0.1034498068936832,0.00592297873385,0.0302613574165298,0.0069538500695385,69,90,True,0.01734917499749563,0.05949820783744531,0.04214903283994968,0.021127098974402167,0.06535474701638233,0.0005999400059994001,0.0,False,0.01734917499749563,False,False,,0.008999100089991,True
LightGBM,VIME,46,58,True,0.0708905276266989,0.1271930559719698,0.0563025283452709,0.0057657102594985,0.105962347475485,0.0290970902909709,False,0.9848,0.0152,0.1155679690345675,0.1470971910663798,0.0255823123063897,0.0915161830832594,0.1085818247443548,68,89,True,0.06895673282386378,0.13806052146837225,0.06910378864450847,0.02716587603385488,0.11251718638032103,0.0025997400259974,0.0,False,0.06895673282386378,False,False,,0.020997900209979,True
LightGBM,XGBoost,46,58,True,-0.0012709136322716,-0.0162580596156447,-0.014987145983373,-0.0249425099756825,-0.005557176799184,0.0030996900309969,False,0.0008,0.9992,0.0115046727716737,0.0352475058964874,-0.0008676081667196,-0.0028381642512076,0.0225834559401202,69,95,True,-0.002056462951163978,-0.012986692321683358,-0.01093022937051938,-0.018153446100422747,-0.004093461588127533,0.0036996300369963003,0.0927,False,0.002056462951163978,False,False,,0.025897410258974105,True
LinearModel,MLP,46,58,True,-0.0114114824055527,-0.0025061726454525,0.0089053097601002,-0.0235118925070556,0.0422443360374635,0.5981401859814018,False,0.7055,0.2945,0.0717978233770875,0.0991836565323137,-0.0037209521002625,0.0,0.7889262797858145,67,99,True,-0.016738818879706917,-0.01847276309510028,-0.001733944215393364,-0.028608322077238988,0.02541013941428725,0.9024097590240976,0.0623,False,0.016738818879706917,False,False,,0.9289512225248063,True
LinearModel,NODE,46,58,True,-0.0605264000419079,-0.0345179854012354,0.0260084146406724,-0.0151440545212925,0.0684895465029205,0.216978302169783,False,0.8927,0.1073,0.0936077927163351,0.1218801291096403,-0.0182947757876597,-0.0084361716714657,0.4048497589265464,56,80,True,-0.06058954082414093,-0.03907043548828841,0.021519105335852523,-0.012542882542676348,0.05696682239883107,0.2181781821817818,0.0006,False,0.03907043548828841,False,False,,0.3605733176682332,True
LinearModel,RandomForest,46,58,True,-0.0593732728617065,-0.0501688289324224,0.0092044439292841,-0.0340117867696041,0.0545509223151163,0.6811318868113189,False,0.6648,0.3352,0.0999168578629211,0.1289514858063181,-0.0136160679983625,-0.0137997325433135,0.8427621237876213,67,99,True,-0.053608789805927835,-0.07322685906947408,-0.01961806926354625,-0.054149630740694725,0.01513766462939984,0.27307269273072693,0.0,False,0.053608789805927835,False,False,,0.4096090390960904,True
LinearModel,SAINT,46,58,True,-0.0480692821835658,-0.0556129208938357,-0.0075436387102699,-0.0608878895327626,0.0435333181614802,0.7731226877312268,False,0.3874,0.6126,0.1218275881795932,0.1514348915530232,-0.0126902627050294,-0.0167628685657171,0.9196948918246862,38,66,True,-0.06608394859449844,-0.08992048393898669,-0.02383653534448825,-0.08149616747762593,0.03178377019308935,0.40315968403159685,0.0,False,0.06608394859449844,False,False,,0.5438190358179372,True
LinearModel,STG,46,58,True,-0.0217425612368875,-0.016636716295779,0.0051058449411085,-0.040283090151544,0.0487954402208596,0.8192180781921807,False,0.5922,0.4078,0.1160129583921645,0.1213155203962264,-0.0045995956760288,0.0012845029767272,0.9196948918246862,67,93,True,-0.020232169013739504,-0.018841446703056895,0.0013907223106826086,-0.033172645673278836,0.03593890145492462,0.9385061493850615,0.1169,False,0.018841446703056895,False,False,,0.9454054594540546,True
LinearModel,SVM,46,58,True,-0.0582102956275433,-0.0328749858663634,0.0253353097611799,-0.0119831639558982,0.0641830853659889,0.192980701929807,False,0.9075,0.0925,0.0931772329435552,0.1064655447567719,-0.0223110793305225,-0.0001783560448584,0.3863347842430946,64,78,True,-0.05413395128242965,-0.051929081300522574,0.0022048699819070747,-0.03230607420539162,0.03614000290737722,0.9013098690130987,0.0,False,0.051929081300522574,False,False,,0.9289512225248063,True
LinearModel,TabNet,46,58,True,-0.0516465838295422,0.0210533041239065,0.0726998879534488,0.0179652671127736,0.124296466148555,0.0077992200779922,True,0.9949,0.0051,0.1004239662273919,0.1786987797775514,-0.011436262332814,0.0275,0.0397760223977602,67,95,True,-0.05097911083545045,-0.021617681660793277,0.029361429174657176,-0.012908276454441966,0.07027896493717489,0.16768323167683233,0.1205,False,0.021617681660793277,False,False,,0.2891514127275797,False
LinearModel,VIME,46,58,True,0.0058895665492307,0.0804250475934391,0.0745354810442084,0.0298434819120445,0.1198960863636824,0.0010998900109989,False,0.9997,0.0003,0.0727200008824222,0.1578651050827908,-0.0012759268332516,0.0238200079614335,0.0120202265487736,65,93,True,0.0026228638248684253,0.06116527915822422,0.058542415333355795,0.018904225247288943,0.09961716537197832,0.004199580041995801,0.3764,False,0.0026228638248684253,False,False,,0.02755974402559744,True
LinearModel,XGBoost,46,58,True,-0.0662718747097399,-0.0630260679941754,0.0032458067155644,-0.0465156109092143,0.0517985456294432,0.8987101289871013,False,0.5519,0.4481,0.1036125197698917,0.15286039698008,-0.0199922529238432,-0.0208951828046532,0.96832851926075,67,100,True,-0.0716198689536628,-0.10115609106231181,-0.029536222108649007,-0.07191912271892084,0.010027321539792433,0.1618838116188381,0.0,False,0.0716198689536628,False,False,,0.2891514127275797,True
MLP,NODE,46,58,True,-0.0491149176363551,-0.0320118127557829,0.0171031048805722,-0.0135999638725889,0.0488139855840683,0.2853714628537146,False,0.8622,0.1378,0.0775955222385546,0.0859761090271242,-0.0140645970800898,-0.0056579599247519,0.501860158811705,58,79,True,-0.044589491436935524,-0.03332530831460306,0.011264183122332468,-0.014459868917515691,0.03821291761503244,0.40005999400059994,0.0,False,0.03332530831460306,False,False,,0.5438190358179372,True
MLP,RandomForest,46,58,True,-0.0479617904561537,-0.0476626562869698,0.0002991341691838,-0.0376350115400941,0.0392177624163634,0.9895010498950104,False,0.4933,0.5067,0.0984872592168293,0.1020007465292556,-0.0157682849661862,-0.0167729567353834,0.9960109252232672,71,98,True,-0.03373048904876807,-0.05442633671056237,-0.020695847661794303,-0.049938561653071256,0.009064502018155163,0.16798320167983202,0.0,False,0.03373048904876807,False,False,,0.2891514127275797,True
MLP,SAINT,46,58,True,-0.036657799778013,-0.0531067482483832,-0.0164489484703702,-0.0602752279012151,0.0255758545658373,0.450954904509549,False,0.2264,0.7736,0.1071062335977418,0.1182513377197594,-0.0091642224741279,-0.0207513028462537,0.6866135168661353,40,66,True,-0.03631258420200349,-0.05843095776880847,-0.022118373566804975,-0.06140752524860732,0.01635338216250093,0.252974702529747,0.0002,False,0.03631258420200349,False,False,,0.39645289202423045,True
MLP,STG,46,58,True,-0.0103310788313348,-0.0141305436503265,-0.0037994648189916,-0.0379502680798453,0.0293042427710575,0.8235176482351765,False,0.4063,0.5937,0.0910769943031405,0.0846703461815266,-0.0012298553475432,0.0,0.9196948918246862,70,92,True,-0.001724412403221023,-0.007477330003963731,-0.005752917600742708,-0.032503311014048984,0.02028158173409911,0.6658334166583342,0.4583,False,0.001724412403221023,False,False,,0.8225001029308835,True
MLP,SVM,46,58,True,-0.0467988132219906,-0.0303688132209109,0.0164300000010797,-0.0173999111769345,0.049467291177062,0.3310668933106689,False,0.8375,0.1625,0.079434544201753,0.0916536194697379,-0.0135839545235159,-0.0014654952088272,0.5522415149789368,65,77,True,-0.039966816058367605,-0.03450461769281648,0.0054621983655511255,-0.02296753600297988,0.032722380298770753,0.6995300469953005,0.0,False,0.03450461769281648,False,False,,0.8292990925626538,True
MLP,TabNet,46,58,True,-0.0402351014239895,0.0235594767693591,0.0637945781933486,0.0183940265640159,0.1090160838788049,0.0062993700629937,True,0.9968,0.0032,0.0917026216751395,0.1441646675481084,-0.0059407777821298,0.0124508487238489,0.0344215578442155,71,94,True,-0.032499636096089225,-0.005605185660340766,0.02689445043574846,-0.00641354132920349,0.059438702524795495,0.10888911108889111,0.3377,False,0.005605185660340766,False,False,,0.24278822117788224,False
MLP,VIME,46,58,True,0.0173010489547834,0.0829312202388917,0.0656301712841082,0.0342215653967744,0.1000413979311651,0.0002999700029997,False,1.0,0.0,0.0383363417301251,0.1214448702254887,0.0076553025539783,0.0275000000000002,0.006556487208422,69,93,True,0.029956350919142376,0.07569296814903947,0.045736617229897095,0.009696108344828326,0.08071749133925647,0.013998600139986002,0.0,False,0.029956350919142376,False,False,,0.05879412058794121,True
MLP,XGBoost,46,58,True,-0.0548603923041871,-0.0605198953487229,-0.0056595030445357,-0.048330695076803,0.0367831066467898,0.7902209779022098,False,0.3909,0.6091,0.1012199516728371,0.1227413937479217,-0.0160073681805696,-0.0191281033063302,0.9196948918246862,71,99,True,-0.051794283572687325,-0.08272336013641755,-0.03092907656373023,-0.06444222639460666,0.0029501848982740144,0.0731926807319268,0.0,False,0.051794283572687325,False,False,,0.18744467016712962,True
NODE,RandomForest,46,58,True,0.0011531271802014,-0.0156508435311869,-0.0168039707113883,-0.0359475594134309,0.0020050555340363,0.078992100789921,True,0.0384,0.9616,0.0381406018936563,0.0600466817255216,0.0026230661040787,-0.004033665167789,0.2097705483688919,58,79,True,0.0054381085016388915,-0.018177161159516078,-0.02361526966115497,-0.04040992876277742,-0.007005325688193483,0.0057994200579942,0.8483,True,0.0054381085016388915,True,False,1.0,0.03204942663628374,True
NODE,SAINT,46,58,True,0.0124571178583421,-0.0210949354926003,-0.0335520533509424,-0.0594703980784633,-0.0107365735623144,0.0087991200879912,True,0.0012,0.9988,0.062376189497741,0.067089115294103,0.0,-0.0030874708580242,0.0434279152729888,34,58,True,0.012092228760997558,-0.01956434773813768,-0.03165657649913524,-0.05783846581558368,-0.009812282550069676,0.011698830116988301,0.9491,True,0.012092228760997558,True,True,1.0,0.05424457554244575,True
NODE,STG,46,58,True,0.0387838388050203,0.0178812691054563,-0.0209025696995639,-0.0490285723375839,0.0041954530918677,0.1220877912208779,False,0.0544,0.9456,0.0780849422557481,0.056591763895654,0.0095138500485706,0.0056778570174372,0.2746975302469753,57,76,True,0.04376992590462366,0.0287638283242544,-0.015006097580369263,-0.040851386043394715,0.009647935779671648,0.24187581241875813,0.0,False,0.0287638283242544,False,False,,0.3848024288480243,True
NODE,SVM,46,58,True,0.0023161044143645,0.001642999534872,-0.0006731048794925,-0.0204733677187191,0.018590600048863,0.9456054394560544,False,0.4824,0.5176,0.029869025695904,0.0686178100008378,0.0014211281601954,0.0,0.9775515691674076,56,67,True,0.00645776615826567,0.0028282291065333596,-0.0036295370517323102,-0.02119650571178765,0.013587416225988577,0.686931306869313,0.3701,False,0.0028282291065333596,False,False,,0.8290550255319296,True
NODE,TabNet,46,58,True,0.0088798162123656,0.055571289525142,0.0466914733127763,0.0153778968122463,0.0779983952050322,0.0036996300369963,False,0.9981,0.0019,0.0413420710103899,0.1123991012670238,0.0065565905942374,0.0176666648556323,0.0246105824200188,58,77,True,0.011710747233866736,0.04385290917618591,0.03214216194231917,0.006725847034692099,0.05771902991838738,0.012198780121987801,0.015,False,0.011710747233866736,False,False,,0.05424457554244575,True
NODE,VIME,46,58,True,0.0664159665911386,0.1149430329946746,0.0485270664035359,0.0036290586081102,0.0937132936623779,0.0354964503549645,False,0.9821,0.0179,0.0973022708664459,0.1390374309543307,0.0189132499300468,0.0675087064843619,0.1210278972102789,58,75,True,0.06576238652195489,0.10539195838923708,0.03962957186728219,0.0013762917037464773,0.07660002157226796,0.039196080391960805,0.0,False,0.06576238652195489,False,False,,0.11758824117588243,True
NODE,XGBoost,46,58,True,-0.0057454746678319,-0.0285080825929399,-0.0227626079251079,-0.0459505936842483,-0.0002769281663965,0.0510948905109489,False,0.0235,0.9765,0.0414744980016902,0.0750346348362202,-0.0022540148111562,-0.0065863940863941,0.1563503649635036,58,80,True,-0.008499961915850755,-0.03252265468878925,-0.024022692772938496,-0.04394077186140213,-0.005214192882192583,0.0178982101789821,0.0461,False,0.008499961915850755,False,False,,0.06711828817118289,True
RandomForest,SAINT,46,58,True,0.0113039906781407,-0.0054440919614133,-0.016748082639554,-0.0437322735230009,0.0078031438475025,0.1985801419858014,True,0.0957,0.9043,0.0639930773145993,0.0713025730956073,0.0023002188955629,-0.0005509499374509,0.3863347842430946,40,65,True,-0.0003332767338479897,-0.005838553784980081,-0.005505277051132091,-0.03433417401383334,0.022429980344404674,0.702929707029297,0.4949,False,0.0003332767338479897,False,False,,0.8292990925626538,False
RandomForest,STG,46,58,True,0.0376307116248189,0.0335321126366433,-0.0040985989881755,-0.0390135253192229,0.029073414805167,0.8126187381261873,False,0.4139,0.5861,0.0982043143827332,0.0754975782181827,0.0046488211364908,0.0154075010822621,0.9196948918246862,70,92,True,0.03252546450523756,0.0488276528966311,0.016302188391393545,-0.011846221375228566,0.04313860855524733,0.2588741125887411,0.0,False,0.03252546450523756,False,False,,0.3981993105037322,True
RandomForest,SVM,46,58,True,0.0011629772341631,0.0172938430660589,0.0161308658318958,-0.0083994745804295,0.0416850653646947,0.2066793320667933,False,0.8979,0.1021,0.0545457096601528,0.0786776003361858,-0.0008794456196135,0.0061201201201202,0.3952742225777422,65,77,True,9.402459230757502e-05,0.01207241631731462,0.011978391725007045,-0.009382861731915115,0.03317395518919024,0.2616738326167383,0.5066,False,9.402459230757502e-05,False,False,,0.3981993105037322,True
RandomForest,TabNet,46,58,True,0.0077266890321642,0.071222133056329,0.0634954440241647,0.02880526162837,0.1001652854673709,0.0005999400059994,False,0.9999,0.0001,0.0377843639061141,0.1345028620585776,0.0039713899281592,0.0352380952380953,0.0076492350764923,71,94,True,0.0012308529526788362,0.04530382479942838,0.04407297184674954,0.017606315066318868,0.07008742854664216,0.0011998800119988001,0.4026,False,0.0012308529526788362,False,False,,0.011453400114534001,True
RandomForest,VIME,46,58,True,0.0652628394109372,0.1305938765258615,0.0653310371149243,0.0156469592285235,0.1146234150688337,0.0106989301069893,False,0.9944,0.0056,0.1126033633693091,0.1489084633156923,0.0130273760072068,0.0821402550091074,0.0496041304960413,69,92,True,0.0652176063861632,0.13342460014052634,0.06820699375436315,0.021287933594810605,0.1140887112352413,0.0057994200579942,0.0,False,0.0652176063861632,False,False,,0.03204942663628374,True
RandomForest,XGBoost,46,58,True,-0.0068986018480333,-0.012857239061753,-0.0059586372137196,-0.0233390018690065,0.0078815061214017,0.4532546745325467,False,0.2342,0.7658,0.0137161390664739,0.0589684922189246,-0.0050601474255426,-0.0005653508256117,0.6866135168661353,71,99,True,-0.01806379452391925,-0.02918127027553512,-0.011117475751615872,-0.026982043058739323,0.004164090501906846,0.16478352164783522,0.0,False,0.01806379452391925,False,False,,0.2891514127275797,True
SAINT,STG,46,58,True,0.0263267209466782,0.0389762045980567,0.0126494836513785,-0.0197258351835533,0.0430287249746498,0.4247575242475752,False,0.7857,0.2143,0.0861715924434653,0.0753693544789265,0.0062561849004929,0.0186338074087332,0.676957304269573,40,66,True,0.02795337368271692,0.048446071569587294,0.020492697886870373,-0.00901491549685899,0.049310093308959725,0.16328367163283672,0.0001,False,0.02795337368271692,False,False,,0.2891514127275797,True
SAINT,SVM,46,58,True,-0.0101410134439775,0.0227379350274723,0.0328789484714499,0.0009991736553278,0.0684805339579333,0.0557944205579442,True,0.9789,0.0211,0.0849590147611278,0.093352616566616,-0.0005050505050505,0.0142526476826925,0.1673832616738326,38,59,True,-0.008849945982319385,0.026120638725319122,0.03497058470763851,0.005335240104870472,0.06684623213835729,0.026797320267973202,0.8742,True,0.008849945982319385,True,False,1.0,0.09076511703668343,True
SAINT,TabNet,46,58,True,-0.0035773016459764,0.0766662250177423,0.0802435266637188,0.0458610656779259,0.117124588065844,9.999000099990002e-05,True,1.0,0.0,0.079962730430783,0.1073982755632443,0.0030810528351725,0.0303846153846154,0.0030596940305969,40,66,True,0.0014459335772463917,0.06550522293677222,0.06405928935952583,0.03683383445058409,0.09298660304609878,9.999000099990002e-05,0.4105,False,0.0014459335772463917,False,False,,0.0026247375262473754,False
SAINT,VIME,46,58,True,0.0539588487327965,0.1360379684872749,0.0820791197544784,0.0291569734617406,0.1353416624107081,0.0027997200279972,False,0.9986,0.0014,0.1268389538481249,0.154119228075222,0.0174323406478578,0.0736111111111111,0.0214178582141785,40,66,True,0.06255244844008624,0.1305909910299945,0.06803854258990825,0.020137907628957157,0.11736930145832698,0.005699430056994301,0.0,False,0.06255244844008624,False,False,,0.03204942663628374,True
SAINT,XGBoost,46,58,True,-0.0182025925261741,-0.0074131471003396,0.0107894454258344,-0.0104035331629027,0.0343246236056139,0.3447655234476552,False,0.831,0.169,0.0652538783564564,0.0494793091025427,-0.002352695703403,-0.0003639626896544,0.5671948934138843,40,66,True,-0.01798100149917468,-0.019025809102175592,-0.0010448076030009114,-0.02902473779959103,0.02834120050970178,0.9416058394160584,0.0531,False,0.01798100149917468,False,False,,0.9454054594540546,True
STG,SVM,46,58,True,-0.0364677343906557,-0.0162382695705843,0.0202294648200714,-0.0075100144893949,0.0514663376042289,0.1840815918408159,False,0.9129,0.0871,0.088353529569581,0.0632333574278391,-0.0061936131501349,-0.0040686274509803,0.3755264473552644,65,77,True,-0.03313496327697315,-0.023604245005674526,0.009530718271298623,-0.013946871814952787,0.03491015370152956,0.44735526447355267,0.0009,False,0.023604245005674526,False,False,,0.5799049724657164,True
STG,TabNet,46,58,True,-0.0299040225926546,0.0376900204196856,0.0675940430123402,0.0280446926680598,0.1073265269605637,0.0011998800119988,True,0.9996,0.0004,0.0897815819907806,0.1172647327837082,-0.0025179982509663,0.0142222222222222,0.0122387761223877,70,93,True,-0.03129601227687024,-0.002509024883790253,0.028786987393079985,-0.002011460185167212,0.06023864077654724,0.0705929407059294,0.4247,False,0.002509024883790253,False,False,,0.1853064693530647,False
STG,VIME,46,58,True,0.0276321277861183,0.0970617638892182,0.0694296361030999,0.0228260212691928,0.1178688381302497,0.0044995500449955,False,0.9982,0.0018,0.1104118539475618,0.1355845054107018,0.0017117458859805,0.0406983891353078,0.0286846315368463,68,90,True,0.03294605057857151,0.08378145161380018,0.050835401035228676,0.006771290372769407,0.09356455883016011,0.020497950204979503,0.0071,False,0.03294605057857151,False,False,,0.07421671625940854,True
STG,XGBoost,46,58,True,-0.0445293134728523,-0.0463893516983963,-0.001860038225544,-0.0373675824276599,0.0359525946796465,0.922007799220078,False,0.4504,0.5496,0.1007280954417036,0.088394019096991,-0.014116779109203,-0.0165571512441856,0.9775515691674076,70,93,True,-0.050800149022118365,-0.07514477850626618,-0.02434462948414781,-0.056076642053423595,0.008073436650903766,0.13408659134086592,0.0,False,0.050800149022118365,False,False,,0.2607239276072393,True
SVM,TabNet,46,58,True,0.0065637117980011,0.05392828999027,0.0473645781922688,0.010509564936314,0.0825200297591886,0.0095990400959904,False,0.9937,0.0063,0.0468251804992968,0.1310544198511657,0.0042813664958061,0.0216666666666668,0.0458954104589541,65,77,True,0.006417898653103868,0.04113090008328139,0.03471300143017752,0.004921064100751925,0.06385834442442857,0.021597840215978402,0.1054,False,0.006417898653103868,False,False,,0.0755924407559244,True
SVM,VIME,46,58,True,0.0640998621767741,0.1133000334598026,0.0492001712830285,0.0025020811525643,0.0963479756968067,0.0380961903809619,False,0.9824,0.0176,0.0990913921411515,0.1483758541895322,0.0177544680704244,0.0586411411411413,0.1267112419192863,65,76,True,0.05643596842475994,0.11176590723124084,0.055329938806480905,0.012610618461151519,0.09924958191714225,0.012398760123987601,0.0,False,0.05643596842475994,False,False,,0.05424457554244575,True
SVM,XGBoost,46,58,True,-0.0080615790821965,-0.030151082127812,-0.0220895030456154,-0.0548508770856088,0.0079259765952425,0.1651834816518348,False,0.0813,0.9187,0.0571496248909055,0.1035501825872713,-0.0030752249173301,-0.0078461538461538,0.351014898510149,65,78,True,-0.01434395950279005,-0.036372262614242146,-0.022028303111452097,-0.05015244144439683,0.004243619116103435,0.11598840115988401,0.0157,False,0.01434395950279005,False,False,,0.24854657391403714,True
TabNet,VIME,46,58,True,0.0575361503787729,0.0593717434695325,0.0018355930907596,-0.0483360545249784,0.0515396069340427,0.9417058294170584,False,0.5351,0.4649,0.1102000568006068,0.1524003438363073,0.0148286684444304,0.0193306209435242,0.9775515691674076,69,92,True,0.062120193168465385,0.08011876125133219,0.017998568082866803,-0.028203852848552795,0.06379239963713473,0.4330566943305669,0.0,False,0.062120193168465385,False,False,,0.5683869113088691,True
TabNet,XGBoost,46,58,True,-0.0146252908801976,-0.084079372118082,-0.0694540812378843,-0.1026383507024584,-0.0396306592958239,9.999000099990002e-05,False,0.0,1.0,0.0389372432063379,0.1159518693260748,-0.0087917690417691,-0.0366557428565015,0.0030596940305969,71,95,True,-0.019294647476598092,-0.07221863068886926,-0.05292398321227117,-0.07670415183436925,-0.03054390597034949,9.999000099990002e-05,0.0,False,0.019294647476598092,False,False,,0.0026247375262473754,True
VIME,XGBoost,46,58,True,-0.0721614412589706,-0.1434511155876146,-0.0712896743286439,-0.1228118015364391,-0.0199306871616619,0.0066993300669933,False,0.004,0.996,0.1168882360686132,0.155318043232455,-0.020631204282113,-0.0958333333333333,0.0353447413879301,69,93,True,-0.08167489944010636,-0.1603232099403079,-0.07864831050020155,-0.12768682624798075,-0.03100556925419145,0.0010998900109989002,0.0,False,0.08167489944010636,False,False,,0.011453400114534001,True
