unit_id,batch,frozen_label,audit_outcome,corrected_label,repo,commit,parent,patch_sha256,summary
U028,B01,N0,CONFIRM_N0,N0,Consensys-Incorporated/evm-dafny,ae821aa41ba2b45a3fec641b10082dbf9df2b497,0bf5470f8b500037c795defc783df0daf864cfad,434aa9e8ead65c78973cae95ffd98a996afcb920f70d4fde41d8f33e67ee8695,"Real RETURNDATA behavior fix, but no co-evolving behavioral contract for the changed executable routine. The same-hunk contract token belongs to a newly added logical predicate, not CreateReturn."
U029,B01,N0,CONFIRM_N0,N0,Consensys-Incorporated/evm-dafny,d8d3679ad09770f291da20c634ba9ebd9bded063,10be1bd445756b49c6d3525bab2f72dd31f1b030,6d86c9d4773fdf169eeb526dcb7285b7d8a5ed44897d298b1431831f28e6fefe,"Shanghai fork configuration and Java dispatch/tests are added, while the only Dafny contract-token change is the new verify-false proof lemma. No existing executable routine and its behavioral contract co-evolve."
U031,B01,N0,CONFIRM_N0,N0,Consensys-Incorporated/evm-dafny,cbd7335a7b545468691592468f19e874e1660fa6,cca3b1b91a15810cf9dc410bd6f7470dd4c19862,c2a6f86f9b23977d515cd65d484f25971d39f288ed88b6ab23f736e459775fb9,"Cancun support changes executable/configuration semantics and tests, but the contract hit is a newly added verify-false proof lemma, not a changed contract on the executable behavior."
U033,B01,N0,CONFIRM_N0,N0,Consensys-Incorporated/evm-dafny,48efe4f98e8aa25ceee7f0cc435019e917139fd2,60bce44ee75978a4c97b9eab8e03424c9c233bbd,5908154e7947ccb61b844b5256050461701985709446d272ab63c5461b9e3772,"Commit intentionally removes specifications to speed verification. Bytecode function bodies are not semantically changed; remaining changes in memory/bytes are specification commenting or brace/indent formatting. Thus there is contract change without executable-behavior change."
U043,B02,N1,CONFIRM_N1,N1,dafny-lang/libraries,aef1eed4ef79a8831c8154d949f29ecd8b1e3fe2,418de0c6a911789709d975039b7ead468ee76cc7,2a4727a88c3f40789d3970e8cc70494ae868246c5d8f2d1580a3ad86ab493a58,"There is no historical old FNeed implementation or old FNeed contract to cross. The patch introduces a new API declaration atomically; splitting its new requires from its new body would fabricate an old/new pair rather than recover one."
U044,B02,N1,CONFIRM_N1,N1,dafny-lang/libraries,f7b921456f4930bd6c9e58ca2bc7022535a50939,418de0c6a911789709d975039b7ead468ee76cc7,26d1f5ef26ed31222443263f4ec83b42553f27818f789bc2856812fe2e382d2b,"Like U043, this is an addition from a parent with no FNeed declaration. There is no historical old body/old contract endpoint. Comments make the patch bytes distinct, so the frozen exact-byte dedupe correctly retains a separate unit even though the semantic addition is closely related."
U045,B03,N1,CONFIRM_N1,N1,franck44/evm-dis,09c14c91e20e93f5933a146d4d3a76c8a0366b27,53622750704d8f1455cd65c648f45ae86a33cf11,a1177c447e9a54bee38332921893cfa8a83bc4c8a3b3889827c5c8f967e7a6d8,"Three predicates are newly introduced with their requires clauses and bodies; there is no historical old declaration/body/contract counterpart to pair."
U046,B03,N0,CONFIRM_N0,N0,franck44/evm-dis,53622750704d8f1455cd65c648f45ae86a33cf11,eae3ea1f55b3d904ce910f6de0364b1f70087d3f,ead717f882e859672d0aa9dc33651c8c8e2552df532b313d97b61cbd07748b09,"AddEdge's returned automaton expression is unchanged; an assertion is replaced by a ghost lemma call and the new lemma carries the requires/ensures hit. Proof scaffolding changes, executable result semantics do not co-evolve with a behavioral contract."
U047,B03,N0,CONFIRM_N0,N0,franck44/evm-dis,c1149561bd45ca1086828761b21bb22d74c6b838,cb7297e95dc3453bd78ba5692e0ba25a5621c8c8,fe0e12b4ce0ac514334c3088d95805159028863d2fca0d300c7b2df142146b5b,"CLI/printing behavior changes; mechanical requires hits occur inside Filter/ToDot lambdas as local proof obligations. No changed behavioral contract of the changed driver behavior forms an old/new pair."
U049,B03,N0,CONFIRM_N0,N0,franck44/evm-dis,b3c6e2c72b9bd3944fb146ccbaf15bbba1a10213,ab68eefff2dd1fa517efb3865b1e6daa497dfed5,11029d4e2d91d3ce4ab617bd2678bca223e293a7b241bcd835afdc4de02730d4,"BuildSeg switches from explicit redundant delta helper arguments to constructors that compute/use the new representation; its existing requires is unchanged. Contract-token deletions are from removed proof lemmas/helpers, not a co-evolving BuildSeg behavioral contract."
U050,B03,N0,CONFIRM_N0,N0,franck44/evm-dis,e0df964d1efb40259528c6551ff18141a0e9974c,a47c179e6601418088af0f6550d36b05dedc375b,7117148c12d8a4485045bfca1d81970719dfca1185d03170ee1da949631a6d39,"Only a proof lemma with ensures is added (plus a comment typo fix); there is no executable implementation transition."
U051,B03,N1,CONFIRM_N1,N1,franck44/evm-dis,ac0d71b96d32962d5b7f88ebd511d3d4851286f8,ac962f72645d3d4a6c2d996b6ea19435ad630d2c,059d39a065992dda69419484fa67a11d2b39abe499b1daf42b819f6c0a0faab1,"AddKeyVal, proof lemmas, and IsReverseMap are new declarations. Even though AddKeyVal has both a body and contract, no historical old AddKeyVal exists; a four-way old/new pair would be invented."
U054,B04,N0,CONFIRM_N0,N0,franck44/evm-dis,2444a5abc0151f3ac287fa28d4a025741bc1ea86,aa6e28df05698171438baafd5773a795adb3f66b,76854a8df432a65e3c2bc280e66d7bf7cd2b948c4d3b2d059e6199bbc6d46fac,"Existing DFS code is refactored for proof discharge and a new PathHelperLemma is added. DFS requires/ensures/decreases are unchanged; all added contract clauses belong to the new lemma, not to the changed DFS behavior."
U055,B04,N0,CONFIRM_N0,N0,franck44/evm-dis,1fe73430869de48913632467193d1b2a46ad3638,a255e1f417f8b200ec8304d8eb50191b491e8185,343a5305f7133a9b9559302f6c65d33d2114f4263e6d6f2b21b68d5b1072d225,"Only comments plus a new proof lemma WeakestPreMonotonic are added. The existing FastWeakestPreOperands implementation and its requires/ensures remain semantically unchanged."
U057,B04,N1,CONFIRM_N1,N1,franck44/evm-dis,a0907cd36168bcba18736dc015d44d28af7443ac,84be2c1d6f3ed3c221bc744f2563027d22dd11e5,3832fcd86b2c41972a4e12b03325dcb2a9e2e7d0c4dcbebec6f77a864a54c1f6,"SeqToSet is a wholly new declaration whose body and two ensures clauses appear together. The parent has no old SeqToSet body/contract, so no historical cross-pair exists without invention."
U058,B04,N1,CONFIRM_N1,N1,franck44/evm-dis,a255e1f417f8b200ec8304d8eb50191b491e8185,7e4e38cdff3e92487e4959a916f2809e52bc8472,9dc1020a38d9ca416e06cd76385803d48a8212bf448666db1418808aa9485677,"A new weakest-precondition fixpoint subsystem (Fix, UpdateValues, MaxNatSeq, ComputeWPreOperands, HasNoErrorState) is added with bodies and contracts together. ToHTML is extended to consume the new result, but its preconditions are unchanged. There is no old contract/body counterpart for the added subsystem."
U059,B04,N0,CONFIRM_N0,N0,franck44/evm-dis,c299dfa029baef3c38083eb0e450ad0e0a2f7fc2,1fe73430869de48913632467193d1b2a46ad3638,bd49e2f1c6f43a5b3ca514efeb1ac85bd9b37001a1472f4a68d1458ec6892e49,"Driver/HTML executable/output behavior changes substantially, but no target routine gains or changes a behavioral requires/ensures contract. Contract-token hits are lambda requires moved/retained at callback sites; assertions are proof obligations, not public behavioral contracts."
U061,B04,N0,ERROR,N1,franck44/evm-dis,46e495abbc8641a4bf70559daf69058f25e489df,49d20b3d4913b4ea2c950b5ccae5409ef8e87fa6,e093137427dec1be77d16ffbb419bee75a7ee106e61d995aada323f71deca9a6,"Frozen N0 is inconsistent with the exact patch. Five new non-ghost helper declarations (StackEffect, CapEffect, WpOp, IsJump, WpCap) are added, each with requires i < |xs| and a semantic body. The parent contains none of them. This is a new-declaration/non-pairable transition, i.e. N1, not N0. Commit subject `Formatting.` is misleading and must not control classification."
U067,B05,N1,CONFIRM_N1,N1,franck44/evm-dis,5d25ffc9b997128a58412865dbbf8da026849177,b635f021bb6d44f334480a1571245d3bb3054349,462abd5aefa7e136e1799b537253fb2276af1d1a44be0294674bebae4fd09672,"StackToCond and StackToCondHelper are new declarations born with their contracts; the only pre-existing change is an opacity attribute on And, not an old/new behavioral-contract pair."
U069,B05,N1,CONFIRM_N1,N1,franck44/evm-dis,6dcc82304c10347a0eddc14601eeee2e8a580adc,9cbc78ef71a964488e9b08fc62a5b0087ac025e8,bb2833fc130389cf14da4da86ee779f46cd1b99801815669bdf44e365797299d,"StackToHTML and StackToHTMLHelper are wholly new declarations; parent CFGState has neither, so no historical old body/contract exists."
U072,B05,N0,CONFIRM_N0,N0,franck44/evm-dis,b3d3a3cb28e3739e3daae7704b990eac7033f9ca,f83140869472a4d65c37d843378dca1ee5210bc5,95e2142d5c562a5d2644a1e6dae7916f111cce378d38df31940e9bb83d9b4d85,"Proof-object/CFG-code generator behavior changes substantially, but ToDafny and PrintProofObjectBody retain their own requires/decreases contracts; many apparent requires/ensures are strings emitted into generated Dafny, while newly contracted CFGCheckerToDafny/PrintCFGVerifierBody declarations have no old counterparts."
U078,B05,N0,CONFIRM_N0,N0,franck44/evm-dis,1566d9b71e932d30024525b4debf47e4818f3082,5459f5a14e92acb71caa4b32973feec009d0fe12,6322ff935f18d4e58e80b71b3092bff917c9f9c17c5a8756e7dc3e3ff62f0e6c,"Existing PrintProofObjectBody changes the Dafny text it emits while its own requires/decreases remain unchanged; CFGRefineToDafny is a new method with new preconditions. Generated requires/ensures string edits are output data, not a co-evolving contract on the generator itself."
U079,B05,N0,CONFIRM_N0,N0,franck44/evm-dis,4366ef15c4d6b7ef2a6c3d8eab6c1cce7dca3d2a,ed7cce4d81daa92d6648ec48a744000cb505d944,b3c2547ba6a6fc93bbac019245b1c56730c7a21bbfdc7c1d59205b4c459ca7c5,"SplitTrueAndFalse strengthens one postcondition, but its returned partition computation is unchanged; added lemmas/asserts/attributes are verification machinery. This is contract/proof evolution without a semantic executable-body transition of the same pair."
U080,B05,N0,CONFIRM_N0,N0,franck44/evm-dis,69ea99f9efd2202d497f87b8e58248978a5da40f,9e9b23355f4e697722eb51018f7e196c99f132f7,47216b3f5c97fe2d24832b850a1aab9b28aaeb9e9fc89681d5fe51aac9a2a4df,"Core-library edits are whitespace/comment formatting; test code adds expect diagnostics but PrintPath's precondition is unchanged. No executable routine and its behavioral contract co-evolve."
U082,B06,N0,CONFIRM_N0,N0,franck44/evm-dis,7c06951122a36889a96f3176fda53ffc95945531,574734e3e4ba02eaa8c1081fec142160c53697e1,cdeed96e11a6a95d5dab0aa01f82f599b0ef7642fa56c1a02c9d54ffb7745221,"Existing PathHelperLemma contract is unchanged; the patch fills only the lemma proof body with quantified proof blocks/assertions. No executable routine behavior and its boundary contract co-evolve."
U083,B06,N0,ERROR,N1,franck44/evm-dis,70b154d9a8fa26907111f7edecda203404f9f2ca,29ee50d488382ea98511582c62383fed387397e1,5518a98b7ba129737ca9ed65ddfa85c3f9462686eea848ec99a004db85900752,"The exact patch adds new executable declarations Peek, Push1, Push2, Push20, Dup1-Dup4, Swap1, and Swap2 with bodies/contracts while existing opcode bodies remain unchanged and their postconditions are strengthened. Frozen N0/impl_kind=none misses these born-together declarations; the correct primary negative class is N1 because they have no historical old counterpart."
U084,B06,N0,CONFIRM_N0,N0,franck44/evm-dis,a16cab373e3bffc942f8830ec72b63fbde747961,9e688f1f1a8d1c09ed99a5fd802a92d5371bb730,8bed121810c8238d7bff0c5e31a82160ca145340fc35ebb57d8e16547cd88593,"UpdateValues replaces a MapP expression with a sequence comprehension to avoid a Java-backend issue and adds an assertion, but the outer UpdateValues requires/ensures are unchanged. This is an implementation/tooling substitution without co-evolving behavioral contract."
U086,B06,N1,CONFIRM_N1,N1,franck44/evm-dis,d7878b4a65b8d37d7956d632d07bbed5f3f0e739,358a166176b4c3a655ba69f50bd358864653890d,42bcce44381c8920d0e8c3ada350a9423b91224d3bcc81bb0bbd8b10ad3cb113,"Dup5 and Swap3 are introduced as new declarations with contracts and bodies; PrettyInstruction is updated to call the newly born Swap3. The parent has no Dup5 or Swap3 declaration, so no historical old body/contract pair exists."
U087,B06,N1,ERROR,E1,franck44/evm-dis,fb927c6bbdcd820adbcd40b52aca9e12eb0146b7,c4917160ff5d00e8e8c69d6754366c1c8e2f7510,dcdce7fb9c7b076508fcd5bff2d0b73524f5ab8da3b36bd59c832e26641ba2e3,"The frozen N1 label misses a real existing-declaration repair: parent Swap3 swaps indices 0 and 2 and specifies index-2 effects despite requires >3; head Swap3 swaps 0 and 3 and changes the corresponding contract, including ensures s' == Swap(s,3). Thus executable body and behavioral contract co-evolve. However the same patch also adds many concrete Push/Dup/Swap/Log declarations, strengthens many existing opcode contracts, and rewrites pretty-printer mappings, so there is no unique whole-patch two-factor split preserving exact endpoints. Corrected class: E1, not E0."
U090,B06,N0,CONFIRM_N0,N0,franck44/evm-dis,b10408d87c8175ef1385ce6a548c170b5ee3c001,38f187d5a0e25faa5370a93439a9b072836e8a4c,5bdf3f8c9cc8c9cc3c7ca4220c88a40c980d038d9df6538140432f18fc76deea,"SplitTrueAndFalse drops two redundant/strong proof postconditions and rewrites proof scaffolding: ghost lemma calls become cached recursive result plus assertions. The extensional result remains [xsTrue] or [xsTrue] + SplitTrueAndFalse(xsFalse,...); no semantic executable result transition accompanies the contract change."
U097,B06,N0,CONFIRM_N0,N0,mit-pdos/daisy-nfsd,68530c3b62abe31ce280e71a2b0d40026a70e5ee,5be664f10002770dd21add8644a7d88294b4b703,b8a1d14d61a65a1e6a725b033ffef63dd6ec599de41f56c5feb1764800905c4a,"Only the body of the existing proof lemma decode_encode_uint64_seq_id is strengthened with assertions and lemma calls; the live lemma contract is unchanged. The additional alternative lemma is commented out. No executable behavioral-contract co-evolution occurs."
