unit_id,primary_label,reason,spec_kind,impl_kind,change_origin,artifact_role,alias_count,repo,canonical_commit,parent,date,subject,patch_sha256,replay_eligible,replay_status
U001,N1,"Dataset/benchmark corpus transition; preserved in the frozen frame but not a historical old/new executable-contract pair.",mixed,mixed,addition,dataset_or_benchmark,2,ChuyueSun/Clover,097087fe670389ecbbb888c4fdeb6869b34be599,60506579b6397f9510ef8ab3dbc56094da0cfec6,2024-02-07,update dataset,d9d4f6b1091c3e872c9d04e859dcabca29c57b3536d5777a8b3d8aaf43e3ea0c,0,NOT_APPLICABLE
U002,N1,"Dataset/benchmark corpus transition; preserved in the frozen frame but not a historical old/new executable-contract pair.",mixed,mixed,modification,dataset_or_benchmark,2,ChuyueSun/Clover,196914a6926e4ce2602dc4f666432426da9e873e,d2f1007bfd85745319142722844093afcd5e4c29,2024-02-08,fix,34fffc11b8cbf7983b8a1833b7c5e0862f9b77923f79572326b20c854e37a98a,0,NOT_APPLICABLE
U003,E0,"Existing benchmark routines change executable assignments and behavioral specifications/invariant in separable historical fragments; clean pairable co-evolution despite benchmark role.",mixed,executable_body,modification,dataset_or_benchmark,2,ChuyueSun/Clover,464ecf80156798bb146a6676d50abf458e066ad2,8dc97b43e73a65f1e7cc372a56d7e15e583f1af9,2024-02-08,add sglang clover implementation,924dd70d5fb95b06b04143d2987f603843fb4f60e733721707324c9fa747a9e2,1,PENDING_E0_RECONSTRUCTION
U004,N1,"Dataset/benchmark corpus transition; preserved in the frozen frame but not a historical old/new executable-contract pair.",mixed,mixed,modification,dataset_or_benchmark,2,ChuyueSun/Clover,5c17bda057a68b222e962575624903fcad0cdb6a,35c26ad9ad81511535e10933fb616640ab358a34,2024-02-08,fix,e5f758fc43695a2701cb4cccb6b2bf65cb868bdf7de26139cb90a6925eb4f919,0,NOT_APPLICABLE
U005,N1,"Dataset/benchmark corpus transition; preserved in the frozen frame but not a historical old/new executable-contract pair.",mixed,mixed,addition,dataset_or_benchmark,2,ChuyueSun/Clover,927c6f43f5e33eb28a9ad4184d65232802a61d95,786718fb8834334b435bd0dfb13be91433e9c41d,2024-02-09, add all ground truth dafny examples,54c3f9727481f2df1e82b1233cdb55dd04a8a27b946544581e209573699d50f7,0,NOT_APPLICABLE
U006,N0,"Patch is proof/specification/formatting/tooling maintenance without a separable semantic executable-body change paired with a behavioral contract change (fix modify2darray).",internal_proof,proof_ghost,modification,dataset_or_benchmark,2,ChuyueSun/Clover,9db05f1ea6cfb11b2b9e3db53924900878b7c4b3,21ddf0c847cc3457608b6ae425e10894033d3543,2024-02-09,fix modify2darray,741261089cfefbf3b26ff1ee941ff8cf519d8c8886b87896b8a74ac1ac9f9c91,0,NOT_APPLICABLE
U007,N1,"Dataset/benchmark corpus transition; preserved in the frozen frame but not a historical old/new executable-contract pair.",mixed,mixed,addition,dataset_or_benchmark,2,ChuyueSun/Clover,b6cbaf37b686a32440df74f7657e33ae067f7481,bcf6727c04d12d939b7727d55ccf7c7d8bf423b6,2024-02-09,cleanup dataset,97f1f73cb463d16d015fece9840cb88bcba01d18b487be41dd8c1d924ff71d0a,0,NOT_APPLICABLE
U008,N0,"Patch is proof/specification/formatting/tooling maintenance without a separable semantic executable-body change paired with a behavioral contract change (update test_array).",internal_proof,proof_ghost,modification,dataset_or_benchmark,2,ChuyueSun/Clover,b8338499b71eb3b0e1390913e441a694048a7e8d,d597d22252afafeea1bf339bd05cae0434aaaafa,2024-02-09,update test_array,a381ff26c90f8faeef7f36a388373462628241183c1dc1c2f8081fec54fe51f5,0,NOT_APPLICABLE
U009,E1,"Executable benchmark routine and specification move together, but cleanup/refactoring couples several semantic edits so a cross-pair would require non-predeclared semantic choices.",mixed,executable_body,modification,dataset_or_benchmark,2,ChuyueSun/Clover,bda8d1ff835d71073ae86fb655ece1067a8a03b0,9175312d0d2818cc7f9b9456adbdebb021474adb,2024-02-09,cleanup; fix cal_sum,8359a8d95bd1c4f2c0e5f1b73bb3b114d087a7e1f9d0ca6e4d67b912f701f03c,0,NOT_APPLICABLE
U010,N0,"Patch is proof/specification/formatting/tooling maintenance without a separable semantic executable-body change paired with a behavioral contract change (fix reverse).",internal_proof,proof_ghost,modification,dataset_or_benchmark,2,ChuyueSun/Clover,c34dd0e10a05e3305b35255bca9e5bbec509ce2b,dfa6113943554603314cd9150644ca707a09c86d,2024-02-09,fix reverse,3c1b03ae1dfec70189295c5fc67e76c838972b41a5148235290b9985616388ec,0,NOT_APPLICABLE
U011,N1,"Dataset/benchmark corpus transition; preserved in the frozen frame but not a historical old/new executable-contract pair.",mixed,mixed,modification,dataset_or_benchmark,2,ChuyueSun/Clover,d0a9d388b92e04d93f3bfad4ba02f2a5bcdb9e83,21ddf0c847cc3457608b6ae425e10894033d3543,2024-02-09,add double_array_elements C1,3bd749c12696b77ec9d3199b23af8adcb4b61b7266ec20812854c110d115fe3d,0,NOT_APPLICABLE
U012,N1,"Dataset/benchmark corpus transition; preserved in the frozen frame but not a historical old/new executable-contract pair.",mixed,mixed,modification,dataset_or_benchmark,2,ChuyueSun/Clover,d31fb571aeb0a6b646d6d0452207461333636653,d0a9d388b92e04d93f3bfad4ba02f2a5bcdb9e83,2024-02-09,add double_array_elements ground truth; format,9121d144482de36280d4106875f32999abbb1ca507bb61e9b32fd6076f0077ee,0,NOT_APPLICABLE
U013,N1,"Dataset/benchmark corpus transition; preserved in the frozen frame but not a historical old/new executable-contract pair.",mixed,mixed,modification,dataset_or_benchmark,2,ChuyueSun/Clover,e12069972c43128d5a8ce63df8748250656455f8,cc6b4bce578b4da155885118813195894d5bc1d9,2024-02-09,update dataset readme,166a668f83559b2bc79a451765bd85780c98d40a32bc1f579796a0a44cb406be,0,NOT_APPLICABLE
U014,N1,"Dataset/benchmark corpus transition; preserved in the frozen frame but not a historical old/new executable-contract pair.",mixed,mixed,modification,dataset_or_benchmark,2,ChuyueSun/Clover,e18f055fc680a0b397bd70993c0493f7757283af,b6333ea3b7ccb0418e3675f6581918988cdf3873,2024-02-09,incorrect double_array_elements; format; add match ground truth,a3189092779cad8d95d12baff37d9c2022e0f270180d389e92e8f6c39285aadf,0,NOT_APPLICABLE
U015,N1,"Dataset/benchmark corpus transition; preserved in the frozen frame but not a historical old/new executable-contract pair.",mixed,mixed,modification,dataset_or_benchmark,2,ChuyueSun/Clover,e2c23a37973d3a7da34a55c04d44ceab44b130dd,e18f055fc680a0b397bd70993c0493f7757283af,2024-02-09,add match incorrect,0c2edb10207258035c0a8cfa3f85893a6a34348b726a933dd3e7e840ad68df8c,0,NOT_APPLICABLE
U016,N1,"Dataset/benchmark corpus transition; preserved in the frozen frame but not a historical old/new executable-contract pair.",mixed,mixed,addition,dataset_or_benchmark,2,ChuyueSun/Clover,e9fcc41525837896353e1277630547262cdb990a,e2c23a37973d3a7da34a55c04d44ceab44b130dd,2024-02-09,add mbpp50 cleaned,c203f0a62f38ec99f8f80501277610e0d48108921a3baa38606f0182bbfab544,0,NOT_APPLICABLE
U017,N1,"Dataset/benchmark corpus transition; preserved in the frozen frame but not a historical old/new executable-contract pair.",mixed,mixed,addition,dataset_or_benchmark,2,ChuyueSun/Clover,efdc9d8c173591424c96bd7d0ea7dbcb0c786a9e,e9fcc41525837896353e1277630547262cdb990a,2024-02-09,add mbpp153 cleaned,8598fc0cdd4a521d6f4bbd676d4c9d178c589242370c596b4122c993538fef36,0,NOT_APPLICABLE
U018,N1,"Dataset/benchmark corpus transition; preserved in the frozen frame but not a historical old/new executable-contract pair.",mixed,mixed,modification,dataset_or_benchmark,2,ChuyueSun/Clover,f038b3bf0d23905edb2b2e252734246366d3941c,2adf68b527f4e757cc66725388920d87b0b4b8d7,2024-02-09,add,2033fc492184d9cd3a7e106c2de18c17f6eda0b2826a482754e554500eb4f00f,0,NOT_APPLICABLE
U019,N1,"Dataset/benchmark corpus transition; preserved in the frozen frame but not a historical old/new executable-contract pair.",mixed,mixed,modification,dataset_or_benchmark,2,ChuyueSun/Clover,f2cd39d05e87cdf2869e65f24e59036c54410f13,e10bd47f4d36ddaa7f8286233a2937623ecbdc0d,2024-02-09,minor fix MBPP50 src,6e81bd95fa0a29d17dfaa185260d1b11babd8f2529999415354168541614b37d,0,NOT_APPLICABLE
U020,N0,"Patch is proof/specification/formatting/tooling maintenance without a separable semantic executable-body change paired with a behavioral contract change (mbpp50 anno template).",internal_proof,proof_ghost,modification,dataset_or_benchmark,2,ChuyueSun/Clover,f4e13a0c25fc60f19ec3e42ed795b64796da5d2b,d31fb571aeb0a6b646d6d0452207461333636653,2024-02-09,mbpp50 anno template,82aac021d8daf0ac8c2e605facb0fd4a1078b110756027176638506763e71c0c,0,NOT_APPLICABLE
U021,N1,"Dataset/benchmark corpus transition; preserved in the frozen frame but not a historical old/new executable-contract pair.",mixed,mixed,addition,dataset_or_benchmark,2,ChuyueSun/Clover,f7623716f69b6b23df6727771742496a1412ca36,98ba2760ff6324425179c5e367f3e9527bb80967,2024-02-10,experiments on RQ3 log,87dfcd10cc53071d668fd6baf80a03ba0e72dab3f2d2a55a36aef5581d66f3a1,0,NOT_APPLICABLE
U022,N1,"Dataset/benchmark corpus transition; preserved in the frozen frame but not a historical old/new executable-contract pair.",mixed,mixed,modification,dataset_or_benchmark,2,ChuyueSun/Clover,fca1910143f90bf0383ba34372ee1a947125bf49,f7623716f69b6b23df6727771742496a1412ca36,2024-02-10,update,122c7d1706bf80777468b31ed90f46d5ecb718226f657e46572e29e185963e25,0,NOT_APPLICABLE
U023,N1,"Dataset/benchmark corpus transition; preserved in the frozen frame but not a historical old/new executable-contract pair.",mixed,mixed,addition,dataset_or_benchmark,2,ChuyueSun/Clover,fd98f58c1168575096ea30ef2948899715482734,e9c88e1a7ff9b56262468a6525892292d34f25c1,2024-02-10,add legal mbpp50,e713aacd34a2a04e17258315590d7b0225fb94222316e015f292299d2af9132c,0,NOT_APPLICABLE
U024,N1,"Dataset/benchmark corpus transition; preserved in the frozen frame but not a historical old/new executable-contract pair.",mixed,mixed,addition,dataset_or_benchmark,2,ChuyueSun/Clover,fe16d0024c7fa17f32aa19e2ca3ef00989dbcfe2,fd98f58c1168575096ea30ef2948899715482734,2024-02-10,fix mbpp50 legal,8652f30741788552c713d3ff6f9de9029fa25189f881b4615755519512851fa3,0,NOT_APPLICABLE
U025,N1,"Dataset/benchmark corpus transition; preserved in the frozen frame but not a historical old/new executable-contract pair.",mixed,mixed,addition,dataset_or_benchmark,2,ChuyueSun/Clover,ff04d6f33abf033c41b227ff0565c93d9cb087ff,fe16d0024c7fa17f32aa19e2ca3ef00989dbcfe2,2024-02-10,add original mbpp50 dataset,ff9301b21f33a5b25973578894f7644cd1ae13e29031869fe70f8301cc42d469,0,NOT_APPLICABLE
U026,N1,"Dataset/benchmark corpus transition; preserved in the frozen frame but not a historical old/new executable-contract pair.",mixed,mixed,deletion,dataset_or_benchmark,2,ChuyueSun/Clover,ff47a37314a9862ff9d45e692bb74c2f02627ac5,ff04d6f33abf033c41b227ff0565c93d9cb087ff,2024-02-10,remove illegal mbpp50,72528db67112339326e72c31f28047095890122674046d601385fcd5ec2d6b3a,0,NOT_APPLICABLE
U027,N1,"Patch is an addition/deletion/bulk artifact transition (save work rust) without a meaningful old/new implementation-contract pair that can be swapped mechanically.",mixed,mixed,addition,dataset_or_benchmark,1,ChuyueSun/Clover,084f5a8143da783f4fd155870d70e8ec16dd90c0,cc33096009a3a5e85d7fe650a21ce88e5b8d50f0,2024-06-26,save work rust,d90048c69984522570bb8a3436675bdd9e3853469710922720ec7dccf6d1129a,0,NOT_APPLICABLE
U028,N0,"Core patch is dominated by proof/specification maintenance for issue #621; the same-hunk hit does not provide a clean executable-behavior + contract pair.",internal_proof,none,modification,core_or_library,1,Consensys-Incorporated/evm-dafny,533db5e3ff1e9bca2ba4f407b29166bc5ca0a34a,fdf9ac48228493caa35f33de092ee2f03b463de0,2024-01-09,Fix #621,7c84413591351fef6e1e424ed07ed1d1dd5fd5aa54ecec53e805327c9cc47cbd,0,NOT_APPLICABLE
U029,N0,"Shanghai support hit is mechanically adjacent to contract tokens, but the candidate hunk does not isolate a semantic executable-body and contract co-evolution pair under the frozen rubric.",internal_proof,none,modification,core_or_library,1,Consensys-Incorporated/evm-dafny,5547027a39633f69d935e5d82014ef03379ccdaa,533db5e3ff1e9bca2ba4f407b29166bc5ca0a34a,2024-01-15,Support Shanghai Fork.,a95be9fc64c5efb57ed9f03869f12b5affaf53f133a0b36171dad7a9a8a8c37a,0,NOT_APPLICABLE
U030,E0,"Existing CREATE/CREATE2 semantics add the EIP-3860 initcode-size behavior while literal postconditions change; implementation and contract edits are mechanically separable in one core file.",external_contract,executable_body,modification,core_or_library,1,Consensys-Incorporated/evm-dafny,78bfdfb28c7aba090c6007208966760c57750dfd,95d45699972fd97cfd06791505dc2d8f20c17dd5,2024-01-15,Limit initcode (EIP-3860),5dcfe59c8394a697af4aee01749bb4cc6ff92dc0e96af8852960fb7bba5a365c,1,PENDING_E0_RECONSTRUCTION
U031,N0,"Cancun tests change/add test proof artifacts rather than an existing executable routine and its contract as a pair.",internal_proof,proof_ghost,modification,mixed,1,Consensys-Incorporated/evm-dafny,7086847ad1d750dc9ac03f40cc53b71bd81211ef,8d23998de90d36621eb07f0b077edc405c30cedc,2024-01-31,Add Cancun Tests,ccfba5bcd7c01a50f7b993f000807024e0be9d1ee96d8970b67a73c5d0f77abe,0,NOT_APPLICABLE
U032,N1,"Patch is an addition/deletion/bulk artifact transition (Operational Implementation of `TSTORE` / `TLOAD`) without a meaningful old/new implementation-contract pair that can be swapped mechanically.",mixed,mixed,addition,core_or_library,1,Consensys-Incorporated/evm-dafny,2e9390977ff401ee888e3be82f7efb6039c53e7c,741fff5314f5405af58bf045f8e96a9d8df3ea62,2024-10-15,Operational Implementation of `TSTORE` / `TLOAD`,0489f3bf52d43e78d0acfeaf0abeac072e0f24c0259a076f48a8cf814478bd34,0,NOT_APPLICABLE
U033,N0,"Specifications are removed from bytecodes without a corresponding semantic executable implementation transition in the screened unit.",internal_proof,none,modification,core_or_library,1,Consensys-Incorporated/evm-dafny,9c34c1cef1966e1f0a967c473787667146ee7fc3,2e9390977ff401ee888e3be82f7efb6039c53e7c,2024-10-15,Remove specifications from bytecodes,87ce43db204ca30e8bb716ff5d1ae53adfa08169edc0fc9e8301e50b843861ae,0,NOT_APPLICABLE
U034,N1,"Patch is an addition/deletion/bulk artifact transition (Add initial examples) without a meaningful old/new implementation-contract pair that can be swapped mechanically.",mixed,mixed,addition,test_or_example,1,Consensys-Incorporated/evm-dafny,af22e9a168893fa8098c4e17f32af119e34e77df,fd885517054a9154f190842fd88f8db13492ad0d,2024-10-16,Add initial examples,2dca34c3e1410ec2dd7686b826d3f0c34762fd58bd5e54d5370159b86517a99b,0,NOT_APPLICABLE
U035,E1,"Core semantics and a large transient-storage proof/example are changed together; executable/specification changes are real but span coupled files and proof restructuring, preventing a clean local swap.",mixed,mixed,modification,mixed,1,Consensys-Incorporated/evm-dafny,741fff5314f5405af58bf045f8e96a9d8df3ea62,af22e9a168893fa8098c4e17f32af119e34e77df,2024-10-17,Complete Transient Storage Lock Example,6c394ad7b43efc0066b755c7b9ec9db7d3f37716812b442a643821a70661bdd9,0,NOT_APPLICABLE
U036,N1,"Patch is an addition/deletion/bulk artifact transition (Add initial preprint artifacts) without a meaningful old/new implementation-contract pair that can be swapped mechanically.",mixed,mixed,addition,dataset_or_benchmark,1,Mondego/dafny-synthesis,875ba501d276caa941decc41840d652e4176287b,b7a004464367ff68f9a445cc21a8076660d4d3f2,2024-02-16,Add initial preprint artifacts,867207e721a4815bd8a4e611d2dcf994e8501cc39290b974067cd02e7c15c531,0,NOT_APPLICABLE
U037,N1,"Patch is an addition/deletion/bulk artifact transition (Add initial preprint artifacts) without a meaningful old/new implementation-contract pair that can be swapped mechanically.",mixed,mixed,addition,dataset_or_benchmark,1,Mondego/dafny-synthesis,a58a2dcb77693755c391b0188744e82934b38e58,875ba501d276caa941decc41840d652e4176287b,2024-02-16,Add initial preprint artifacts,fc18dcce87a73e7e2afe5ad1726d9d4ea9450290b5d3e3c88eff8e7511fe99e0,0,NOT_APPLICABLE
U038,N0,"Patch is proof/specification/formatting/tooling maintenance without a separable semantic executable-body change paired with a behavioral contract change (add script to verify all src and run all test for mbpp-dfy-50).",internal_proof,proof_ghost,modification,dataset_or_benchmark,1,Mondego/dafny-synthesis,ddb44503bf967731fd5d07a5aba2ce8a7f11fded,a58a2dcb77693755c391b0188744e82934b38e58,2024-02-16,add script to verify all src and run all test for mbpp-dfy-50,2f20f492d98cda7fe49742ca0f4c6c4c76064bcf41a8742a253dc458bfdeaa5a,0,NOT_APPLICABLE
U039,N0,"Patch is proof/specification/formatting/tooling maintenance without a separable semantic executable-body change paired with a behavioral contract change (clean-up print from test mbpp-dfy-153).",internal_proof,proof_ghost,modification,dataset_or_benchmark,1,Mondego/dafny-synthesis,f1f0d9d91ed54e6f919f32c9f040936b29bc4dc1,65ece71d378168692a74d5ac3b77cabcc23a1f52,2024-02-17,clean-up print from test mbpp-dfy-153,20f0ac8fd7897430775c8f8fb90bf1f3650cff087666a52f7ed7c18aa5b09e1e,0,NOT_APPLICABLE
U040,N0,"Type-characteristic repair changes type/specification declarations rather than executable behavior + behavioral contract pair.",internal_proof,none,modification,core_or_library,1,dafny-lang/libraries,757439d4990e0c7af915d557289933c0310087a2,0d6d5545882591080ac0676f9e2d1a40612d481f,2024-01-03,fix: Add missing type characteristics (#154),0383072e26ed17e59fc69bd2e9d09bf3619e644a9805c6afedb11076178112d5,0,NOT_APPLICABLE
U041,N0,"Warning cleanup in forall/proof constructs is non-executable proof/spec maintenance.",internal_proof,proof_ghost,modification,core_or_library,1,dafny-lang/libraries,ba8b3e4768846f07064703e1088e97862076f05a,757439d4990e0c7af915d557289933c0310087a2,2024-01-03,Remove warnings in forall (#158),5585f300afaa01af0cb9f3a5e63710784ee03da9cb5bc5a41ee504234dd1dbf6,0,NOT_APPLICABLE
U042,N1,"Patch is an addition/deletion/bulk artifact transition (fix: Drop SelectOpt from MutableMap (#162)) without a meaningful old/new implementation-contract pair that can be swapped mechanically.",mixed,mixed,deletion,core_or_library,1,dafny-lang/libraries,bff4f9049444fece38cd50cbfb36bac8b6ca834f,010b6d918116cce8d05101ed7cfd3e7f2d8cb9b8,2024-01-03,fix: Drop SelectOpt from MutableMap (#162),4e36419e0ca4911411ab8516b81966918962f48159215eaf0a0b56847d81a3a1,0,NOT_APPLICABLE
U043,N1,"Patch is an addition/deletion/bulk artifact transition (chore: add FNeed) without a meaningful old/new implementation-contract pair that can be swapped mechanically.",mixed,mixed,addition,core_or_library,1,dafny-lang/libraries,c201f13e5c29b41f37a26f1f2cc739ce3c78f989,ba8b3e4768846f07064703e1088e97862076f05a,2024-01-03,chore: add FNeed,ec6298b3004ac14786c0e2c645fc76913566df1e4ab73ab28805cb8164386acd1,0,NOT_APPLICABLE
U044,N1,"Patch is an addition/deletion/bulk artifact transition (chore: add FNeed (#167)) without a meaningful old/new implementation-contract pair that can be swapped mechanically.",mixed,mixed,addition,core_or_library,1,dafny-lang/libraries,d877b5a20aee080acb69a85ce1eda6d7203b5473,5d857c08f50787d12b679e3757cc310729cd61cd,2024-01-04,chore: add FNeed (#167),2cad65076739106a234aff39db244d907691cdd4f07cbcf2ee362b75601e471fa,0,NOT_APPLICABLE
U045,N1,"Patch is an addition/deletion/bulk artifact transition (Add predicates to indicatesome  instruction classes.) without a meaningful old/new implementation-contract pair that can be swapped mechanically.",mixed,mixed,addition,core_or_library,1,franck44/evm-dis,0150e748d42a2ec10637184e078f3c2c6bcf472e,ec65a45fa4196737a00942ed31e7d0c56565409d,2024-01-01,Add predicates to indicatesome  instruction classes.,f6588671886ae609167b605fab686172c78e5b2a2bb3ddd43658850489753ad3,0,NOT_APPLICABLE
U046,N0,"Lemma/proof-performance change; executable semantics are not co-evolved with an external behavioral contract.",internal_proof,proof_ghost,modification,core_or_library,1,franck44/evm-dis,1754f74a0758ca3691096d02d54e7440e1396258,0150e748d42a2ec10637184e078f3c2c6bcf472e,2024-01-01,Add lemma to speed up proof of AddEdge.,182f3e61014d5c3cb30a89541d2901d0a5d5e947dc6a84bdddd247b54954e84b,0,NOT_APPLICABLE
U047,N0,"Patch is proof/specification/formatting/tooling maintenance without a separable semantic executable-body change paired with a behavioral contract change (Add options an use new pretty printers. see #32).",internal_proof,proof_ghost,modification,core_or_library,1,franck44/evm-dis,4135cd7a9bfc07bca63ac195dfb7b22e8ff8f41b,8fc9eeecb8c17c42168a53a8c5869910a8814393,2024-01-01,Add options an use new pretty printers. see #32,5bfca6467b2bfa6ae4cd3465819882380cb49806dcc11187cb14ac7accc77e61,0,NOT_APPLICABLE
U048,E1,"Weakest-precondition implementation is substantially redesigned together with helper lemmas/contracts; the semantic dimensions are intertwined rather than a clean body/contract swap.",mixed,executable_body,modification,core_or_library,1,franck44/evm-dis,772f2335ae2388999035ec0bc9178a6722b2f781,69419a1154534d9f3321ca5b41c68f80a8f420ef,2024-01-03,Provide a fast (cashed) computation of weakestpreOperands.,d3e84fcb92632df3c1356b210661da4758490082b477bd364831bc791ea138d1,0,NOT_APPLICABLE
U049,N0,"Patch is proof/specification/formatting/tooling maintenance without a separable semantic executable-body change paired with a behavioral contract change (Remove redundant stack effect helper and use the new one.).",internal_proof,proof_ghost,modification,core_or_library,1,franck44/evm-dis,961c19ad4dc266665304a40e5aff39e65a77a759,772f2335ae2388999035ec0bc9178a6722b2f781,2024-01-03,Remove redundant stack effect helper and use the new one.,cf087bc5a3725d3841a47d12fb6dde0061211069ab333e34773487a9361fbcbb,0,NOT_APPLICABLE
U050,N0,"Patch is proof/specification/formatting/tooling maintenance without a separable semantic executable-body change paired with a behavioral contract change (Add lemma on weakestPreOperands.).",internal_proof,proof_ghost,modification,core_or_library,1,franck44/evm-dis,ac947758895478e0c5d10b584dbfd839cc2071a7,961c19ad4dc266665304a40e5aff39e65a77a759,2024-01-03,Add lemma on weakestPreOperands.,da13bed15e39a01637267c5cb5646a8db3af9b6c38939c542734f070d27f2d69,0,NOT_APPLICABLE
U051,N1,"Patch is an addition/deletion/bulk artifact transition (Add new function sand lemmas on maps with seq values.) without a meaningful old/new implementation-contract pair that can be swapped mechanically.",mixed,mixed,addition,core_or_library,1,franck44/evm-dis,b7094708a8dd515ef04fc5ca221e35b62dc04917,ac947758895478e0c5d10b584dbfd839cc2071a7,2024-01-04,Add new function sand lemmas on maps with seq values.,b9b41d76873dd9423058b1977b83bbda725409399956228918385d9550e88d31,0,NOT_APPLICABLE
U052,E0,"Existing Automata behavior and reverse-map contract obligations change in the same core declaration family; patch inspection identifies distinct body and contract fragments suitable for an isolation attempt.",mixed,executable_body,modification,core_or_library,1,franck44/evm-dis,ac962f72645d3d4a6c2d996b6ea19435ad630d2c,c194f56d15152c3e09f3bd8fa9c73875e1854592,2024-01-04,Add reverse transitions map and proofs.,bf9b7409e0c367266f5428cd10dc1dc7bd92ca13ea59f38030fc93c730eb2a6b,1,PENDING_E0_RECONSTRUCTION
U053,E1,"Reverse-transition state, bodies, invariants, helper lemmas, and contracts are introduced/reworked together; cross-pairing would require broad refactoring reversal.",mixed,mixed,modification,core_or_library,1,franck44/evm-dis,c194f56d15152c3e09f3bd8fa9c73875e1854592,3c431a95230867c394cd0f1179281aa185fe0554,2024-01-04,First-cut version with reverse transition function and proofs.,91095666314106bf36c0c5c04bec6dbceab247d3f01aadf0f469ce6417d7f6af,0,NOT_APPLICABLE
U054,N0,"Patch is proof/specification/formatting/tooling maintenance without a separable semantic executable-body change paired with a behavioral contract change (Add PathHelper lemma for proof of DFS.).",internal_proof,proof_ghost,modification,core_or_library,1,franck44/evm-dis,bf4b2a67e275e2cb3835687ee1969e16f7880da9,e29cc85718763e5fcd2fc906886823736aafc827,2024-01-05,Add PathHelper lemma for proof of DFS.,73a63a5c52555df0f81396942cbc02112d08c53f4459590df57e0bb74e376d72,0,NOT_APPLICABLE
U055,N0,"Patch is proof/specification/formatting/tooling maintenance without a separable semantic executable-body change paired with a behavioral contract change (Add proof that LinSegments' WeakPreOperands is monotonic.).",internal_proof,proof_ghost,modification,core_or_library,1,franck44/evm-dis,eb042b8261aa65f66cd5347756e418af04346ae7,bf4b2a67e275e2cb3835687ee1969e16f7880da9,2024-01-05,Add proof that LinSegments' WeakPreOperands is monotonic.,8bd31e9901dccb066f65c7f560dd291801c26447fa36ed0b599eac9c8abdf011,0,NOT_APPLICABLE
U056,N0,"Patch is proof/specification/formatting/tooling maintenance without a separable semantic executable-body change paired with a behavioral contract change (Add proof that instructionss' WeakestPreOperands is monotonic.).",internal_proof,proof_ghost,modification,core_or_library,1,franck44/evm-dis,2ca1412a028323afc55924c64c3a87857613d149,eb042b8261aa65f66cd5347756e418af04346ae7,2024-01-05,Add proof that instructionss' WeakestPreOperands is monotonic.,681b65c11123fe9b8e62f022d8d551700f0c57c73faf396b26ec7dc7e495f6f7,0,NOT_APPLICABLE
U057,N1,"Patch is an addition/deletion/bulk artifact transition (Add converter from seq to set.) without a meaningful old/new implementation-contract pair that can be swapped mechanically.",mixed,mixed,addition,core_or_library,1,franck44/evm-dis,bda6d34dc0f13c76319b3b7b915278a25fec3045,2ca1412a028323afc55924c64c3a87857613d149,2024-01-05,Add converter from seq to set.,3154a3c1fe875a58b8b901423400834fdac05fdca1d7f17202915dbbbafc28d6,0,NOT_APPLICABLE
U058,N1,"Patch is an addition/deletion/bulk artifact transition (Add computation of wakest pre operands on the CFG.) without a meaningful old/new implementation-contract pair that can be swapped mechanically.",mixed,mixed,addition,core_or_library,1,franck44/evm-dis,c9aac4bbdb967d0a3988197776f737831764ba9e,bda6d34dc0f13c76319b3b7b915278a25fec3045,2024-01-05,Add computation of wakest pre operands on the CFG.,94f6df6b400325609b657aed38543116851891f0772383f78b0686543567e13c9,0,NOT_APPLICABLE
U059,N0,"Patch is proof/specification/formatting/tooling maintenance without a separable semantic executable-body change paired with a behavioral contract change (Add priting of wpre operands for nodes of the CFG.).",internal_proof,proof_ghost,modification,core_or_library,1,franck44/evm-dis,f022ac207a0b01fe5905936b023d82499e41b899,c9aac4bbdb967d0a3988197776f737831764ba9e,2024-01-05,Add priting of wpre operands for nodes of the CFG.,19724546e481ef29f17f24a65f622197c8788682345c56269bc1ef4cb5dfd15a,0,NOT_APPLICABLE
U060,N1,"Patch is an addition/deletion/bulk artifact transition (Add CFGObject module and use it in the Driver.) without a meaningful old/new implementation-contract pair that can be swapped mechanically.",mixed,mixed,addition,core_or_library,1,franck44/evm-dis,0316e1e4702174e7407184b2ecb00e4318b1832b,f022ac207a0b01fe5905936b023d82499e41b899,2024-01-06,Add CFGObject module and use it in the Driver.,09327283a87d827a6a1ea6599788df6a7bf86e36803654126d39aac16fe3eed6,0,NOT_APPLICABLE
U061,N0,"Patch is proof/specification/formatting/tooling maintenance without a separable semantic executable-body change paired with a behavioral contract change (Formatting.).",internal_proof,proof_ghost,modification,core_or_library,1,franck44/evm-dis,297b0f8b4f3078c05fb6ddff8be76c6d0ca84358,0316e1e4702174e7407184b2ecb00e4318b1832b,2024-01-06,Formatting.,1039805cac34c607ce3160f91a49e16d15749ec3069e33ba2ae9f85ae7513900,0,NOT_APPLICABLE
U062,E1,"CFG/proof-object behavior, APIs, helper routines, and contracts are jointly rewritten; no unique mechanically isolated body/contract intervention exists.",mixed,executable_body,modification,core_or_library,1,franck44/evm-dis,5a7f8a604f35a5b9fa8d432137488f9414fa8ae9,40d48f9283a21b3ab4c2b6cbd112561322789801,2024-01-08,Update pretty printing of ProofObject.,73619ca6f0432ccb2592ded5a7a96f623a42c659a536ef65ee1c6bcbd0149e86,0,NOT_APPLICABLE
U063,N1,"Patch is an addition/deletion/bulk artifact transition (Add Dafny module for simplified semantics of bytecode.) without a meaningful old/new implementation-contract pair that can be swapped mechanically.",mixed,mixed,addition,core_or_library,1,franck44/evm-dis,48a1c93a22f94a0e32f2dbb2eb3092ac409702de,5a7f8a604f35a5b9fa8d432137488f9414fa8ae9,2024-01-08,Add Dafny module for simplified semantics of bytecode.,450d5cb19aca4af64a3493192fcc052554f0892cc15c6a998310440c3f67c4ebd,0,NOT_APPLICABLE
U064,E1,"Pretty-printer API signature/body and its new precondition move together across the call structure; separation would require adapting non-frozen call semantics.",external_contract,executable_body,modification,core_or_library,1,franck44/evm-dis,72dd91307158192b5d6c59073c80530825f2eaf0,27643017913b1a44cd9e3f6ad64fe1240107248f,2024-01-13,Use pretty-printers instead of raw HTML.,e62bbf77d3f154c1f25add94f3ff90f69e3cd8ef0992190464723cf8187bf136,0,NOT_APPLICABLE
U065,N1,"Patch is an addition/deletion/bulk artifact transition (Add new CFGs and CFG verifier.) without a meaningful old/new implementation-contract pair that can be swapped mechanically.",mixed,mixed,addition,test_or_example,1,franck44/evm-dis,9b3d9a64afc84b38b8f2f81fae47e8b72f79e7f6,72dd91307158192b5d6c59073c80530825f2eaf0,2024-01-16,Add new CFGs and CFG verifier.,b585b0633800225636f32aaa2307749950aa297e1d6c21a6bb218db9b4b20383,0,NOT_APPLICABLE
U066,N1,"Patch is an addition/deletion/bulk artifact transition (Add abstract semantics) without a meaningful old/new implementation-contract pair that can be swapped mechanically.",mixed,mixed,addition,core_or_library,1,franck44/evm-dis,d0380663306903755223d27e6944f584568bd243,9b3d9a64afc84b38b8f2f81fae47e8b72f79e7f6,2024-01-16,Add abstract semantics,f293014ed38a9cf4ff0684ff793fc271897d7c25ad365e0ace2890b3e8e76c6d,0,NOT_APPLICABLE
U067,N1,"Patch is an addition/deletion/bulk artifact transition (AA function to build a condition that corresponds to an abstract stack.) without a meaningful old/new implementation-contract pair that can be swapped mechanically.",mixed,mixed,addition,core_or_library,1,franck44/evm-dis,de9db45c048868fe2b7dc955fac165730f53b056b,d0380663306903755223d27e6944f584568bd243,2024-01-16,AA function to build a condition that corresponds to an abstract stack.,032ff69cd9adf59a52d0b2bc31ac542fd0043bd5e9cddc3ce365920ec69b5808,0,NOT_APPLICABLE
U068,N1,"Patch is an addition/deletion/bulk artifact transition (Remnove file.) without a meaningful old/new implementation-contract pair that can be swapped mechanically.",mixed,mixed,deletion,core_or_library,1,franck44/evm-dis,23a8a8588c7556557a3a04348a992a22faab27c3,de9db45c048868fe2b7dc955fac165730f53b056b,2024-01-16,Remnove file.,91388aa9fb0633b2f85f3fc70af41f525a0dd86af785cd93f7b40b02f1ab59e9,0,NOT_APPLICABLE
U069,N1,"Patch is an addition/deletion/bulk artifact transition (Add pretty-printing of stack to HTML.) without a meaningful old/new implementation-contract pair that can be swapped mechanically.",mixed,mixed,addition,core_or_library,1,franck44/evm-dis,4eb75c22a0d6e3117fde75c6ba27d46bed7f4ad4,23a8a8588c7556557a3a04348a992a22faab27c3,2024-01-17,Add pretty-printing of stack to HTML.,6f4b8e571f598291b2410257892a2631948442998afc021279446218b37cf1bf,0,NOT_APPLICABLE
U070,N1,"Patch is an addition/deletion/bulk artifact transition (Add abstract semantics.) without a meaningful old/new implementation-contract pair that can be swapped mechanically.",mixed,mixed,addition,core_or_library,1,franck44/evm-dis,45b0c94946d8fc9530d55ae2934b4e29bb89eb22,4eb75c22a0d6e3117fde75c6ba27d46bed7f4ad4,2024-01-17,Add abstract semantics.,cb27030b987332159ccdd67b12d94bd29dfed9bbbe8506ce7446d9e29e2a156e,0,NOT_APPLICABLE
U071,N1,"Patch is an addition/deletion/bulk artifact transition (Duplicate abstract semantics to use Dafny-EVm int module.) without a meaningful old/new implementation-contract pair that can be swapped mechanically.",mixed,mixed,addition,core_or_library,1,franck44/evm-dis,38aaf8218fb27db48c7042312be6483972180cb55,45b0c94946d8fc9530d55ae2934b4e29bb89eb22,2024-01-18,Duplicate abstract semantics to use Dafny-EVm int module.,3f427e94dde21cf4b39f195e1cf0ccb64bbb89155c2238332137f851eaf7e61d,0,NOT_APPLICABLE
U072,N0,"Patch is proof/specification/formatting/tooling maintenance without a separable semantic executable-body change paired with a behavioral contract change (Add pretty-printer to spit out CFG verification Dafny code.).",internal_proof,proof_ghost,modification,core_or_library,1,franck44/evm-dis,6da2add1172e39bf590b2bed9b75ac824e74d970,6ad46c969103cb32dcb82f189259f19c86cb6d47,2024-01-24,Add pretty-printer to spit out CFG verification Dafny code.,7801a8cfead184a3a1f5f56c6b7228528947568e06c46f40b8f8749602e74c94,0,NOT_APPLICABLE
U073,E1,"Large abstract-semantics and simulation-proof rewrite changes many instruction bodies and specifications together; mechanically inseparable at a single historical pair boundary.",mixed,executable_body,modification,core_or_library,1,franck44/evm-dis,35132de7843d14f69b193751c5e582231e93260f,5ab6190836711281688652600b490770f6dde27b,2024-01-24,Add instructions to abstract semanmtics and simulation proof.,df91940281b5807eac0b44737b68094b129176863061048f306f1439414c6bfb,0,NOT_APPLICABLE
U074,N1,"Patch is an addition/deletion/bulk artifact transition (Stop tracking proof files.) without a meaningful old/new implementation-contract pair that can be swapped mechanically.",mixed,mixed,deletion,generated,1,franck44/evm-dis,574f77ae5c0662d06eccac4a46f82fd451c51178,35132de7843d14f69b193751c5e582231e93260f,2024-01-24,Stop tracking proof files.,f78575c1c77ad3e71c544ab29f32b095ab0582d2f5d431665253750fa3a27fca,0,NOT_APPLICABLE
U075,N1,"Patch is an addition/deletion/bulk artifact transition (Add example of proof for simpleLoop.) without a meaningful old/new implementation-contract pair that can be swapped mechanically.",mixed,mixed,addition,test_or_example,1,franck44/evm-dis,91bca36a3ff355ee4a98e55028d9a8bb2203ff64,574f77ae5c0662d06eccac4a46f82fd451c51178,2024-01-30,Add example of proof for simpleLoop.,90fa3d8f7aa35ae407bb5379c85a4e95257674969f1066d9f49f9979623618ef,0,NOT_APPLICABLE
U076,E1,"Node-index feature changes function signatures, dependent callers, output behavior, and higher-order preconditions across several files; an isolated swap would require compatibility edits.",external_contract,executable_body,modification,core_or_library,1,franck44/evm-dis,634165f80a7bc1c53a333388687b39c7144f45e4,6704ff5bf8dad5fab40bf4f45d3cff4761fdc3e5,2024-03-11,Print node number in Dot file.,5530641a451342789316257836f3c9b0123097aec4bb245f902ed343d94315e4f,0,NOT_APPLICABLE
U077,N1,"Patch is an addition/deletion/bulk artifact transition (Delete unused file.) without a meaningful old/new implementation-contract pair that can be swapped mechanically.",mixed,mixed,deletion,core_or_library,1,franck44/evm-dis,6d7f1d210ca2f989882074e5e1d35d1d035150c1,634165f80a7bc1c53a333388687b39c7144f45e4,2024-03-11,Delete unused file.,779b8030277cb34cf4d8f746bf0c608763195446173275082169daf9191900690,0,NOT_APPLICABLE
U078,N0,"Patch is proof/specification/formatting/tooling maintenance without a separable semantic executable-body change paired with a behavioral contract change (Update generation of proof object body.).",internal_proof,proof_ghost,modification,core_or_library,1,franck44/evm-dis,08731d103b773611b2af5d28330307d2a63765d6,c928575becbd94b262d19cf29c3065fed524716e4,2024-03-12,Update generation of proof object body.,2f96877c1ddc49afdf98307a825fe0834acf4870b64ea7588f1e119ed299f022,0,NOT_APPLICABLE
U079,N0,"Patch is proof/specification/formatting/tooling maintenance without a separable semantic executable-body change paired with a behavioral contract change (Add attrribute to disable non linear arithmetic.).",internal_proof,proof_ghost,modification,core_or_library,1,franck44/evm-dis,0d43d933a21f04782f0ea2513780a8330b151146,acb7a617af90581accc4ccf42b3846e9bddb99a5,2024-09-05,Add attrribute to disable non linear arithmetic.,efc2fb51624528334627258896994945094b8f30fccb75ce50b0e9ef6e45f13d,0,NOT_APPLICABLE
U080,N0,"Patch is proof/specification/formatting/tooling maintenance without a separable semantic executable-body change paired with a behavioral contract change (Formatting.).",internal_proof,proof_ghost,modification,core_or_library,1,franck44/evm-dis,1ffacb60817bcb2c2d33e92d72fa43abaee92a91,60938589bd598a20417630d7229993414a568129,2024-10-10,Formatting.,ee328872432506e6a2f9c52414514a57d2069e2d0a548e280b3af5711ac78d45,0,NOT_APPLICABLE
U081,N0,"Patch is proof/specification/formatting/tooling maintenance without a separable semantic executable-body change paired with a behavioral contract change (Add verification attributes.).",internal_proof,proof_ghost,modification,core_or_library,1,franck44/evm-dis,6c0b931aa1d43a10982c46a93f9969b39131fc2e,1ffacb60817bcb2c2d33e92d72fa43abaee92a91,2024-10-10,Add verification attributes.,36b4070f34077788e6fe339f01708f0578403ab4f1b79fca9b02ac34f6a143f1,0,NOT_APPLICABLE
U082,N0,"Patch is proof/specification/formatting/tooling maintenance without a separable semantic executable-body change paired with a behavioral contract change (Add proof for lemma.).",internal_proof,proof_ghost,modification,core_or_library,1,franck44/evm-dis,70ae0fc0ccf4743795cc4e467011bf0f69283dfe,6c0b931aa1d43a10982c46a93f9969b39131fc2e,2024-10-10,Add proof for lemma.,cfe394312ec14a8e54915c3cb571ac793aa5e00cc86e856c08162ae613313a66,0,NOT_APPLICABLE
U083,N0,"Postconditions are strengthened without a corresponding semantic executable-body transition of the same pair; contract-side evolution only for census purposes.",external_contract,proof_ghost,modification,core_or_library,1,franck44/evm-dis,86cd9116659c155852deac87f68cf0ee9433909bf,70ae0fc0ccf4743795cc4e467011bf0f69283dfe,2024-10-10,Strengthen post conditions,18e927f9121b08fbc005e287bd019b96019a14af6fd27eb06b7a0e16a19eb290,0,NOT_APPLICABLE
U084,N0,"Patch is proof/specification/formatting/tooling maintenance without a separable semantic executable-body change paired with a behavioral contract change (Temporarily avoid computation of Map as the Java backend is broken.).",internal_proof,proof_ghost,modification,core_or_library,1,franck44/evm-dis,9ee0d82ba21130199c39b8ab4f86ca7a88bb7c97,86cd9116659c155852deac87f68cf0ee9433909bf,2024-10-12,Temporarily avoid computation of Map as the Java backend is broken.,e657b573a321b9156af07218f342511f662e211826b0be448c1c063d866adf04,0,NOT_APPLICABLE
U085,N1,"Patch is an addition/deletion/bulk artifact transition (Delete old CFG files.) without a meaningful old/new implementation-contract pair that can be swapped mechanically.",mixed,mixed,deletion,test_or_example,1,franck44/evm-dis,b9bc4d337e0beeaf99429480660f11164f326716,9ee0d82ba21130199c39b8ab4f86ca7a88bb7c97,2024-10-23,Delete old CFG files.,b84cd1c43ae34baf15956233e9cce79bf0b678424f092057eebd6ecaf2d42ca6,0,NOT_APPLICABLE
U086,N1,"Patch is an addition/deletion/bulk artifact transition (Add more precixe instruction.) without a meaningful old/new implementation-contract pair that can be swapped mechanically.",mixed,mixed,addition,core_or_library,1,franck44/evm-dis,d7878b4a65b8d37d7956d632d07bbed5f3f0e739,b9bc4d337e0beeaf99429480660f11164f326716,2024-10-24,Add more precixe instruction.,ae2a0e7da3da3ec2185b6bfb14871177684865d45f7daf25cedd088ed3d64e70,0,NOT_APPLICABLE
U087,N1,"Patch is an addition/deletion/bulk artifact transition (Add concrete instructions (e.g. Push1, Swap1)) without a meaningful old/new implementation-contract pair that can be swapped mechanically.",mixed,mixed,modification,core_or_library,1,franck44/evm-dis,fb927c6bbdcd820adbcd40b52aca9e12eb0146b7,d7878b4a65b8d37d7956d632d07bbed5f3f0e739,2024-11-03,"Add concrete instructions (e.g. Push1, Swap1)",d9346232bbe6ae87a83f1e9a4f140694f8d414d52b80009c429918979028f65a,0,NOT_APPLICABLE
U088,N1,"Mass generated Etherscan proof/CFG artifact addition; no declaration-level old/new pair is a meaningful replay unit.",mixed,mixed,bulk_or_generated,generated,1,franck44/evm-dis,07a65cba7fb792ba1f0e1fa337a1c76709ccfa23,fb927c6bbdcd820adbcd40b52aca9e12eb0146b7,2024-11-04,Add Etherscan benchmarks CFGs and verif files.,6b7f2f9f3a63bec49a5b6e23cf504610123d127de3506c7c0e740168c7944d79,0,NOT_APPLICABLE
U089,E1,"JumpI semantics/signature and simulation-proof contracts are co-rewritten to remove axioms; cross-pairing would require interface/proof adaptation beyond historical fragment swapping.",mixed,mixed,modification,core_or_library,1,franck44/evm-dis,64d70865b9f21e7cb6e7e2b421ddf2a3da1d7544,07a65cba7fb792ba1f0e1fa337a1c76709ccfa23,2024-11-04,Remove {:axiom} from simulation proof.,c295e8996820441fb2546f28494e92552e45e32f591bc2126cd2b3e84c636507,0,NOT_APPLICABLE
U090,N0,"Patch is proof/specification/formatting/tooling maintenance without a separable semantic executable-body change paired with a behavioral contract change (Simplify proof of SplitTruerAndFalse).",internal_proof,proof_ghost,modification,core_or_library,1,franck44/evm-dis,b10408d87c8175ef1385ce6a548c170b5ee3c001,64d70865b9f21e7cb6e7e2b421ddf2a3da1d7544,2024-11-04,Simplify proof of SplitTruerAndFalse,e51350420f4d1476266955745990a619407f8458b97214e073909128ef68d4e9,0,NOT_APPLICABLE
U091,N0,"Patch is proof/specification/formatting/tooling maintenance without a separable semantic executable-body change paired with a behavioral contract change (Add more assertions to nonlin proofs).",internal_proof,proof_ghost,modification,core_or_library,1,mit-pdos/daisy-nfsd,0bc2d3e1f26680b205893979e5bdfc9c956ae8ca,8b23d5703d5566e54e2d8312e2c20192f1d79b4e,2024-01-11,Add more assertions to nonlin proofs,b2953056690b01d0e3d73ecaa3e06906b1308720382f5bdb32e8953a2613377b,0,NOT_APPLICABLE
U092,N0,"Patch is proof/specification/formatting/tooling maintenance without a separable semantic executable-body change paired with a behavioral contract change (Fix roundup proofs).",internal_proof,proof_ghost,modification,core_or_library,1,mit-pdos/daisy-nfsd,3d44c4fefdd96058208806caf7919ef135538750,0bc2d3e1f26680b205893979e5bdfc9c956ae8ca,2024-01-11,Fix roundup proofs,227ef1c3c1e51d6d894c74427fc1c165198f3bb8b263a36c604889e223c34809,0,NOT_APPLICABLE
U093,N0,"Patch is proof/specification/formatting/tooling maintenance without a separable semantic executable-body change paired with a behavioral contract change (Attempt to make byte_fs proof more robust).",internal_proof,proof_ghost,modification,core_or_library,1,mit-pdos/daisy-nfsd,4d7e6d1745f23e51c36eb6284613b7000ddd0c7e,3d44c4fefdd96058208806caf7919ef135538750,2024-01-11,Attempt to make byte_fs proof more robust,b5423f31f20f4a358ffbc4f1f4fa5a22a89035692072058855013de8f73d7ff,0,NOT_APPLICABLE
U094,N0,"Patch is proof/specification/formatting/tooling maintenance without a separable semantic executable-body change paired with a behavioral contract change (Start fixing assume false's).",internal_proof,proof_ghost,modification,core_or_library,1,mit-pdos/daisy-nfsd,75ad622c96a2dbc6f0a124064689097b7fd3f0c0,4d7e6d1745f23e51c36eb6284613b7000ddd0c7e,2024-01-11,Start fixing assume false's,b21d7fd318967d8a2a08b9b9663baa089a12f0f94514ac8034d2c05ae7348e73,0,NOT_APPLICABLE
U095,N0,"Formatter-only transformation; semantic body/contract co-evolution is absent.",internal_proof,proof_ghost,modification,core_or_library,1,mit-pdos/daisy-nfsd,cb1ff1636e8a856480d60cb301294a1a969aecfe,75ad622c96a2dbc6f0a124064689097b7fd3f0c0,2024-01-11,Run dafny format,a7f22e6d1f8dd0ce830a97b089c7fd280a6cdf2433451587641516386675fa9e,0,NOT_APPLICABLE
U096,N0,"Patch is proof/specification/formatting/tooling maintenance without a separable semantic executable-body change paired with a behavioral contract change (Fix dirent proof).",internal_proof,proof_ghost,modification,core_or_library,1,mit-pdos/daisy-nfsd,efc002df40a44827d6f46d31b4d30c9bb9db7f12,cb1ff1636e8a856480d60cb301294a1a969aecfe,2024-01-11,Fix dirent proof,9babd12b4825782189ca37358d085230862029f8a53d86e9ad2f0107350d8b81,0,NOT_APPLICABLE
U097,N0,"Patch is proof/specification/formatting/tooling maintenance without a separable semantic executable-body change paired with a behavioral contract change (Try to fix broken proof).",internal_proof,proof_ghost,modification,core_or_library,1,mit-pdos/daisy-nfsd,68530c3b62abe31ce280e71a2b0d40026a70e5ee,09fd20d01b155815506244a902d9deae1df6fa2b,2024-10-16,Try to fix broken proof,76250dc2bb80aeb8e3ccc7000a372661398cdb5d5edc859df889a4bc1c9cf657,0,NOT_APPLICABLE
U098,N1,"Dataset/benchmark corpus transition; preserved in the frozen frame but not a historical old/new executable-contract pair.",mixed,mixed,addition,dataset_or_benchmark,1,sun-wendy/DafnyBench,99cf8ff1af64dca29e0573807551957a2cd8dfa2,93f56abe77cd9117a1a2935fc8ec35d0bc571a13,2024-06-05,Upload dataset & code,5ed06144f815ee2f162a1a7a63e00708d531a1fac7407a0d4914445735486954,0,NOT_APPLICABLE
U099,N1,"Dataset/benchmark corpus transition; preserved in the frozen frame but not a historical old/new executable-contract pair.",mixed,mixed,addition,dataset_or_benchmark,1,sun-wendy/DafnyBench,7fd18eff4d677dfb8738d2910b02e79a101a8849,99cf8ff1af64dca29e0573807551957a2cd8dfa2,2024-08-14,Add files via upload,186c2e3658b9e71ae887c0e2c42071b7526042420675e12b6e3e2c58af92f965,0,NOT_APPLICABLE
U100,N1,"Wholesale deletion of legacy Oxide/example Dafny artifacts; no retained old/new pair exists for four-way replay.",mixed,mixed,deletion,test_or_example,1,vmware-labs/verified-betrfs,8bb2d6e0cb600cd161180220270424ef387ea284,db1c627358599684651a83fa93d73d602d4a0dec,2024-02-01,"remove old oxide project, which has non-verus-parsable .rs",1ce071582ab06510335bf5de2d0ee1d8c17c2448687279198ae60a7e7c8c983b,0,NOT_APPLICABLE
